"","cluster","nei","min_d","ncom","name","value"
"1",1,3,0,3,"sil",0
"2",1,3,0,3,"db",0
"3",1,3,0,3,"ch",0
"4",2,3,0,3,"sil",0.405929579467141
"5",2,3,0,3,"db",1.0780264729149
"6",2,3,0,3,"ch",1389.17639017469
"7",3,3,0,3,"sil",0.525317433163918
"8",3,3,0,3,"db",0.673020477457181
"9",3,3,0,3,"ch",1908.01463746422
"10",4,3,0,3,"sil",0.527519696071696
"11",4,3,0,3,"db",0.894236196723747
"12",4,3,0,3,"ch",1863.10389068805
"13",5,3,0,3,"sil",0.409815233296603
"14",5,3,0,3,"db",0.858360894341656
"15",5,3,0,3,"ch",1816.71512685974
"16",6,3,0,3,"sil",0.425946697347958
"17",6,3,0,3,"db",0.713946564214823
"18",6,3,0,3,"ch",1902.6869472139
"19",7,3,0,3,"sil",0.466631471151943
"20",7,3,0,3,"db",0.748961715140808
"21",7,3,0,3,"ch",1895.65997429006
"22",8,3,0,3,"sil",0.467484491321391
"23",8,3,0,3,"db",0.672635224090248
"24",8,3,0,3,"ch",1969.29523533895
"25",9,3,0,3,"sil",0.452397270372426
"26",9,3,0,3,"db",0.642224016814792
"27",9,3,0,3,"ch",2433.62484686014
"28",10,3,0,3,"sil",0.476606974596032
"29",10,3,0,3,"db",0.6495351243161
"30",10,3,0,3,"ch",2555.2691261927
"31",1,3,0.1,3,"sil",0
"32",1,3,0.1,3,"db",0
"33",1,3,0.1,3,"ch",0
"34",2,3,0.1,3,"sil",0.394551201439365
"35",2,3,0.1,3,"db",1.1358415280055
"36",2,3,0.1,3,"ch",1170.99097702157
"37",3,3,0.1,3,"sil",0.398507872649664
"38",3,3,0.1,3,"db",1.00876281390334
"39",3,3,0.1,3,"ch",1315.85604331131
"40",4,3,0.1,3,"sil",0.464412541415619
"41",4,3,0.1,3,"db",0.811014588510391
"42",4,3,0.1,3,"ch",1546.97767104904
"43",5,3,0.1,3,"sil",0.423906929904268
"44",5,3,0.1,3,"db",0.806097434298131
"45",5,3,0.1,3,"ch",1605.60279059122
"46",6,3,0.1,3,"sil",0.490899245637921
"47",6,3,0.1,3,"db",0.692752219377253
"48",6,3,0.1,3,"ch",1750.74959547614
"49",7,3,0.1,3,"sil",0.395407821056045
"50",7,3,0.1,3,"db",0.761291157773392
"51",7,3,0.1,3,"ch",1662.92649505506
"52",8,3,0.1,3,"sil",0.459923131380905
"53",8,3,0.1,3,"db",0.679454958290009
"54",8,3,0.1,3,"ch",1741.13085926575
"55",9,3,0.1,3,"sil",0.432922126721013
"56",9,3,0.1,3,"db",0.790681378875443
"57",9,3,0.1,3,"ch",1733.88498526069
"58",10,3,0.1,3,"sil",0.420784850373164
"59",10,3,0.1,3,"db",0.742949838705153
"60",10,3,0.1,3,"ch",1879.36172040542
"61",1,3,0.25,3,"sil",0
"62",1,3,0.25,3,"db",0
"63",1,3,0.25,3,"ch",0
"64",2,3,0.25,3,"sil",0.344222460438254
"65",2,3,0.25,3,"db",1.22791520009462
"66",2,3,0.25,3,"ch",1090.34822287033
"67",3,3,0.25,3,"sil",0.426327085109069
"68",3,3,0.25,3,"db",0.841737375167697
"69",3,3,0.25,3,"ch",1423.41942906889
"70",4,3,0.25,3,"sil",0.422004129488049
"71",4,3,0.25,3,"db",1.06883948059403
"72",4,3,0.25,3,"ch",1365.59550042302
"73",5,3,0.25,3,"sil",0.405955241115227
"74",5,3,0.25,3,"db",0.910790928266375
"75",5,3,0.25,3,"ch",1420.02971242086
"76",6,3,0.25,3,"sil",0.417718828764379
"77",6,3,0.25,3,"db",0.942704798498601
"78",6,3,0.25,3,"ch",1342.68958870253
"79",7,3,0.25,3,"sil",0.376423604284665
"80",7,3,0.25,3,"db",0.847404926191019
"81",7,3,0.25,3,"ch",1338.81739054781
"82",8,3,0.25,3,"sil",0.329441829451757
"83",8,3,0.25,3,"db",0.851124779396032
"84",8,3,0.25,3,"ch",1333.50103929312
"85",9,3,0.25,3,"sil",0.367922172432694
"86",9,3,0.25,3,"db",0.854442189678026
"87",9,3,0.25,3,"ch",1335.19498510142
"88",10,3,0.25,3,"sil",0.395163661440121
"89",10,3,0.25,3,"db",0.783884475131074
"90",10,3,0.25,3,"ch",1343.91304022878
"91",1,3,0.5,3,"sil",0
"92",1,3,0.5,3,"db",0
"93",1,3,0.5,3,"ch",0
"94",2,3,0.5,3,"sil",0.315078910302515
"95",2,3,0.5,3,"db",1.28557219850451
"96",2,3,0.5,3,"ch",1029.93086289091
"97",3,3,0.5,3,"sil",0.360458642298408
"98",3,3,0.5,3,"db",0.976037041827601
"99",3,3,0.5,3,"ch",1212.16786446098
"100",4,3,0.5,3,"sil",0.334888631459043
"101",4,3,0.5,3,"db",1.10935295938122
"102",4,3,0.5,3,"ch",1189.28558608882
"103",5,3,0.5,3,"sil",0.358804309079641
"104",5,3,0.5,3,"db",0.971555868942869
"105",5,3,0.5,3,"ch",1230.52208340663
"106",6,3,0.5,3,"sil",0.31585124623791
"107",6,3,0.5,3,"db",1.04850697427712
"108",6,3,0.5,3,"ch",1136.86698068612
"109",7,3,0.5,3,"sil",0.317449219735713
"110",7,3,0.5,3,"db",1.08190811176726
"111",7,3,0.5,3,"ch",1084.78969323136
"112",8,3,0.5,3,"sil",0.302760571639052
"113",8,3,0.5,3,"db",1.05484456539885
"114",8,3,0.5,3,"ch",1045.35708856621
"115",9,3,0.5,3,"sil",0.293354928011592
"116",9,3,0.5,3,"db",1.12150182729436
"117",9,3,0.5,3,"ch",1014.79280832912
"118",10,3,0.5,3,"sil",0.284990438434079
"119",10,3,0.5,3,"db",1.09292175052354
"120",10,3,0.5,3,"ch",997.738164823164
"121",1,3,0.8,3,"sil",0
"122",1,3,0.8,3,"db",0
"123",1,3,0.8,3,"ch",0
"124",2,3,0.8,3,"sil",0.304618504675113
"125",2,3,0.8,3,"db",1.32535718194258
"126",2,3,0.8,3,"ch",977.232944486487
"127",3,3,0.8,3,"sil",0.295057355102115
"128",3,3,0.8,3,"db",1.06608835513907
"129",3,3,0.8,3,"ch",954.181610569791
"130",4,3,0.8,3,"sil",0.305806257377289
"131",4,3,0.8,3,"db",1.10659332198768
"132",4,3,0.8,3,"ch",1009.9262956972
"133",5,3,0.8,3,"sil",0.32142735647831
"134",5,3,0.8,3,"db",1.0282110836177
"135",5,3,0.8,3,"ch",1017.57385072839
"136",6,3,0.8,3,"sil",0.310788624194572
"137",6,3,0.8,3,"db",1.04939002003957
"138",6,3,0.8,3,"ch",948.018654228368
"139",7,3,0.8,3,"sil",0.288117969315747
"140",7,3,0.8,3,"db",1.12421084872042
"141",7,3,0.8,3,"ch",911.737990979208
"142",8,3,0.8,3,"sil",0.292628856514213
"143",8,3,0.8,3,"db",1.03695008266985
"144",8,3,0.8,3,"ch",873.122477595918
"145",9,3,0.8,3,"sil",0.269332851920234
"146",9,3,0.8,3,"db",1.07356461374863
"147",9,3,0.8,3,"ch",840.199104628084
"148",10,3,0.8,3,"sil",0.255975955091992
"149",10,3,0.8,3,"db",1.11632650988958
"150",10,3,0.8,3,"ch",833.763791099675
"151",1,3,0.99,3,"sil",0
"152",1,3,0.99,3,"db",0
"153",1,3,0.99,3,"ch",0
"154",2,3,0.99,3,"sil",0.296837225545629
"155",2,3,0.99,3,"db",1.35051939331965
"156",2,3,0.99,3,"ch",941.48764391333
"157",3,3,0.99,3,"sil",0.268797827494254
"158",3,3,0.99,3,"db",1.14268242559336
"159",3,3,0.99,3,"ch",891.696344179592
"160",4,3,0.99,3,"sil",0.291547407268528
"161",4,3,0.99,3,"db",1.11676517190275
"162",4,3,0.99,3,"ch",944.137537578873
"163",5,3,0.99,3,"sil",0.311585668778144
"164",5,3,0.99,3,"db",1.01926575881891
"165",5,3,0.99,3,"ch",973.522472526137
"166",6,3,0.99,3,"sil",0.29096851183699
"167",6,3,0.99,3,"db",1.08090118705185
"168",6,3,0.99,3,"ch",896.210644746108
"169",7,3,0.99,3,"sil",0.279110004458315
"170",7,3,0.99,3,"db",1.12499573368103
"171",7,3,0.99,3,"ch",859.595755313939
"172",8,3,0.99,3,"sil",0.278037554388891
"173",8,3,0.99,3,"db",1.08010823224873
"174",8,3,0.99,3,"ch",831.702130400874
"175",9,3,0.99,3,"sil",0.25407494360519
"176",9,3,0.99,3,"db",1.0932884485712
"177",9,3,0.99,3,"ch",804.753425409418
"178",10,3,0.99,3,"sil",0.258750801209347
"179",10,3,0.99,3,"db",1.05048328830201
"180",10,3,0.99,3,"ch",788.785034274767
"181",1,5,0,3,"sil",0
"182",1,5,0,3,"db",0
"183",1,5,0,3,"ch",0
"184",2,5,0,3,"sil",0.386803036605141
"185",2,5,0,3,"db",1.12450241943896
"186",2,5,0,3,"ch",1209.64104543354
"187",3,5,0,3,"sil",0.550169745752159
"188",3,5,0,3,"db",0.662975811408224
"189",3,5,0,3,"ch",2062.44753495314
"190",4,5,0,3,"sil",0.56944438207516
"191",4,5,0,3,"db",0.708957059162257
"192",4,5,0,3,"ch",2329.80367024043
"193",5,5,0,3,"sil",0.535163088225286
"194",5,5,0,3,"db",0.5811744154744
"195",5,5,0,3,"ch",2987.86615963679
"196",6,5,0,3,"sil",0.476827804710323
"197",6,5,0,3,"db",0.757083652898268
"198",6,5,0,3,"ch",3055.59978000812
"199",7,5,0,3,"sil",0.437146958647883
"200",7,5,0,3,"db",0.695580097700694
"201",7,5,0,3,"ch",3146.65349497046
"202",8,5,0,3,"sil",0.491245502621911
"203",8,5,0,3,"db",0.716910603844332
"204",8,5,0,3,"ch",3370.07787448062
"205",9,5,0,3,"sil",0.446898380076099
"206",9,5,0,3,"db",0.720915124808919
"207",9,5,0,3,"ch",3431.17472120057
"208",10,5,0,3,"sil",0.415541388907754
"209",10,5,0,3,"db",0.775513970199394
"210",10,5,0,3,"ch",3497.810146466
"211",1,5,0.1,3,"sil",0
"212",1,5,0.1,3,"db",0
"213",1,5,0.1,3,"ch",0
"214",2,5,0.1,3,"sil",0.404150556912173
"215",2,5,0.1,3,"db",0.962310525661709
"216",2,5,0.1,3,"ch",1128.45505985029
"217",3,5,0.1,3,"sil",0.410625080380756
"218",3,5,0.1,3,"db",0.931975185707128
"219",3,5,0.1,3,"ch",1393.439663141
"220",4,5,0.1,3,"sil",0.427761149534192
"221",4,5,0.1,3,"db",0.877993187637386
"222",4,5,0.1,3,"ch",1640.29893405549
"223",5,5,0.1,3,"sil",0.414860412965502
"224",5,5,0.1,3,"db",0.777433618230041
"225",5,5,0.1,3,"ch",1640.59561383876
"226",6,5,0.1,3,"sil",0.385313587353735
"227",6,5,0.1,3,"db",0.796219045162713
"228",6,5,0.1,3,"ch",1754.50725484907
"229",7,5,0.1,3,"sil",0.373662964946532
"230",7,5,0.1,3,"db",0.751810068383645
"231",7,5,0.1,3,"ch",1910.93946092358
"232",8,5,0.1,3,"sil",0.420141198226643
"233",8,5,0.1,3,"db",0.805783899392891
"234",8,5,0.1,3,"ch",1904.34352362465
"235",9,5,0.1,3,"sil",0.390664244618097
"236",9,5,0.1,3,"db",0.751427159116329
"237",9,5,0.1,3,"ch",1972.70519419031
"238",10,5,0.1,3,"sil",0.355649767055903
"239",10,5,0.1,3,"db",0.805340736336719
"240",10,5,0.1,3,"ch",1989.07409496403
"241",1,5,0.25,3,"sil",0
"242",1,5,0.25,3,"db",0
"243",1,5,0.25,3,"ch",0
"244",2,5,0.25,3,"sil",0.365079686303468
"245",2,5,0.25,3,"db",1.14188345706352
"246",2,5,0.25,3,"ch",1284.06917063223
"247",3,5,0.25,3,"sil",0.335175974172797
"248",3,5,0.25,3,"db",1.11629344904783
"249",3,5,0.25,3,"ch",1240.98331133952
"250",4,5,0.25,3,"sil",0.380562312750509
"251",4,5,0.25,3,"db",0.951567159913448
"252",4,5,0.25,3,"ch",1461.71577931881
"253",5,5,0.25,3,"sil",0.387602312630188
"254",5,5,0.25,3,"db",0.94589456330215
"255",5,5,0.25,3,"ch",1492.42623179529
"256",6,5,0.25,3,"sil",0.397928290379703
"257",6,5,0.25,3,"db",0.904559600369153
"258",6,5,0.25,3,"ch",1455.9441221384
"259",7,5,0.25,3,"sil",0.35350061231243
"260",7,5,0.25,3,"db",0.842407325145722
"261",7,5,0.25,3,"ch",1439.1253959231
"262",8,5,0.25,3,"sil",0.367596958360971
"263",8,5,0.25,3,"db",0.879726425526912
"264",8,5,0.25,3,"ch",1424.32681741009
"265",9,5,0.25,3,"sil",0.319877318971241
"266",9,5,0.25,3,"db",0.851886337284873
"267",9,5,0.25,3,"ch",1428.32257006847
"268",10,5,0.25,3,"sil",0.314427114131306
"269",10,5,0.25,3,"db",0.899871465249952
"270",10,5,0.25,3,"ch",1419.35753625739
"271",1,5,0.5,3,"sil",0
"272",1,5,0.5,3,"db",0
"273",1,5,0.5,3,"ch",0
"274",2,5,0.5,3,"sil",0.266450199534473
"275",2,5,0.5,3,"db",1.41489071445923
"276",2,5,0.5,3,"ch",764.635018834254
"277",3,5,0.5,3,"sil",0.328709494164091
"278",3,5,0.5,3,"db",1.17586807192588
"279",3,5,0.5,3,"ch",942.228669144729
"280",4,5,0.5,3,"sil",0.346426995542676
"281",4,5,0.5,3,"db",0.967361756099481
"282",4,5,0.5,3,"ch",1078.65456821237
"283",5,5,0.5,3,"sil",0.335905875785523
"284",5,5,0.5,3,"db",1.05296778001535
"285",5,5,0.5,3,"ch",1058.12745245562
"286",6,5,0.5,3,"sil",0.323583888663302
"287",6,5,0.5,3,"db",1.06077669188279
"288",6,5,0.5,3,"ch",1030.19050116617
"289",7,5,0.5,3,"sil",0.334025153441952
"290",7,5,0.5,3,"db",1.00390890016717
"291",7,5,0.5,3,"ch",1033.91131233376
"292",8,5,0.5,3,"sil",0.326315034065891
"293",8,5,0.5,3,"db",1.04522919210077
"294",8,5,0.5,3,"ch",980.270067457226
"295",9,5,0.5,3,"sil",0.294609812118124
"296",9,5,0.5,3,"db",1.04687410394786
"297",9,5,0.5,3,"ch",952.986279640308
"298",10,5,0.5,3,"sil",0.289124564113126
"299",10,5,0.5,3,"db",1.01546785281314
"300",10,5,0.5,3,"ch",931.965065273538
"301",1,5,0.8,3,"sil",0
"302",1,5,0.8,3,"db",0
"303",1,5,0.8,3,"ch",0
"304",2,5,0.8,3,"sil",0.257452927792408
"305",2,5,0.8,3,"db",1.53726305221993
"306",2,5,0.8,3,"ch",691.070802966973
"307",3,5,0.8,3,"sil",0.300601697405841
"308",3,5,0.8,3,"db",1.2248534209017
"309",3,5,0.8,3,"ch",848.07283455092
"310",4,5,0.8,3,"sil",0.317904310727834
"311",4,5,0.8,3,"db",0.999904468791059
"312",4,5,0.8,3,"ch",958.8530451229
"313",5,5,0.8,3,"sil",0.31023449734113
"314",5,5,0.8,3,"db",1.06237261774851
"315",5,5,0.8,3,"ch",956.067940297371
"316",6,5,0.8,3,"sil",0.298985565532625
"317",6,5,0.8,3,"db",1.10872516997355
"318",6,5,0.8,3,"ch",915.651083470708
"319",7,5,0.8,3,"sil",0.277305245541501
"320",7,5,0.8,3,"db",1.08949515405338
"321",7,5,0.8,3,"ch",890.861217806283
"322",8,5,0.8,3,"sil",0.291989425962347
"323",8,5,0.8,3,"db",1.09092711806649
"324",8,5,0.8,3,"ch",851.409789298819
"325",9,5,0.8,3,"sil",0.289739312240994
"326",9,5,0.8,3,"db",1.08252430450835
"327",9,5,0.8,3,"ch",826.516497139745
"328",10,5,0.8,3,"sil",0.284826609823082
"329",10,5,0.8,3,"db",1.11972371716223
"330",10,5,0.8,3,"ch",813.705449564275
"331",1,5,0.99,3,"sil",0
"332",1,5,0.99,3,"db",0
"333",1,5,0.99,3,"ch",0
"334",2,5,0.99,3,"sil",0.262948414288845
"335",2,5,0.99,3,"db",1.43664179559004
"336",2,5,0.99,3,"ch",774.113803613221
"337",3,5,0.99,3,"sil",0.288077232365603
"338",3,5,0.99,3,"db",1.2333329190659
"339",3,5,0.99,3,"ch",864.77477214688
"340",4,5,0.99,3,"sil",0.306657838237737
"341",4,5,0.99,3,"db",1.06524119724072
"342",4,5,0.99,3,"ch",928.606668154941
"343",5,5,0.99,3,"sil",0.301790354965783
"344",5,5,0.99,3,"db",1.07050023305963
"345",5,5,0.99,3,"ch",914.26652950303
"346",6,5,0.99,3,"sil",0.285384751725213
"347",6,5,0.99,3,"db",1.09806088545651
"348",6,5,0.99,3,"ch",875.582709842838
"349",7,5,0.99,3,"sil",0.286646211941373
"350",7,5,0.99,3,"db",1.0754100000254
"351",7,5,0.99,3,"ch",852.450306686363
"352",8,5,0.99,3,"sil",0.280684587796244
"353",8,5,0.99,3,"db",1.04175832724581
"354",8,5,0.99,3,"ch",826.37406784617
"355",9,5,0.99,3,"sil",0.281638102332021
"356",9,5,0.99,3,"db",1.03876962851621
"357",9,5,0.99,3,"ch",803.336807668725
"358",10,5,0.99,3,"sil",0.275792225145106
"359",10,5,0.99,3,"db",1.08603025371638
"360",10,5,0.99,3,"ch",789.876305847863
"361",1,10,0,3,"sil",0
"362",1,10,0,3,"db",0
"363",1,10,0,3,"ch",0
"364",2,10,0,3,"sil",0.460669746834997
"365",2,10,0,3,"db",0.605061716601957
"366",2,10,0,3,"ch",1409.74032092841
"367",3,10,0,3,"sil",0.57526367529208
"368",3,10,0,3,"db",0.594241855033387
"369",3,10,0,3,"ch",3102.68406575117
"370",4,10,0,3,"sil",0.506339109238364
"371",4,10,0,3,"db",0.757514321525874
"372",4,10,0,3,"ch",3488.88954430233
"373",5,10,0,3,"sil",0.456407565813229
"374",5,10,0,3,"db",0.852443290537581
"375",5,10,0,3,"ch",3367.80794426918
"376",6,10,0,3,"sil",0.44750744831127
"377",6,10,0,3,"db",0.878040630230495
"378",6,10,0,3,"ch",3215.8623444104
"379",7,10,0,3,"sil",0.408405941430038
"380",7,10,0,3,"db",0.806359811335648
"381",7,10,0,3,"ch",3237.54840954957
"382",8,10,0,3,"sil",0.454304693786679
"383",8,10,0,3,"db",0.827481116867668
"384",8,10,0,3,"ch",3285.86456823674
"385",9,10,0,3,"sil",0.40717584321896
"386",9,10,0,3,"db",0.742570008039995
"387",9,10,0,3,"ch",3372.33888109048
"388",10,10,0,3,"sil",0.383745922716873
"389",10,10,0,3,"db",0.81141227130445
"390",10,10,0,3,"ch",3478.37419467214
"391",1,10,0.1,3,"sil",0
"392",1,10,0.1,3,"db",0
"393",1,10,0.1,3,"ch",0
"394",2,10,0.1,3,"sil",0.399750560113087
"395",2,10,0.1,3,"db",1.02805870583041
"396",2,10,0.1,3,"ch",1573.53587098971
"397",3,10,0.1,3,"sil",0.498489776786229
"398",3,10,0.1,3,"db",0.715517104691785
"399",3,10,0.1,3,"ch",2055.26341563726
"400",4,10,0.1,3,"sil",0.491349378897159
"401",4,10,0.1,3,"db",0.754908368972597
"402",4,10,0.1,3,"ch",2651.21691941956
"403",5,10,0.1,3,"sil",0.443754500291318
"404",5,10,0.1,3,"db",0.911459290736498
"405",5,10,0.1,3,"ch",2620.44341228456
"406",6,10,0.1,3,"sil",0.417497316837336
"407",6,10,0.1,3,"db",0.848388684897314
"408",6,10,0.1,3,"ch",2522.77552350315
"409",7,10,0.1,3,"sil",0.382806416441917
"410",7,10,0.1,3,"db",0.900686972713226
"411",7,10,0.1,3,"ch",2475.8925489196
"412",8,10,0.1,3,"sil",0.423740545769043
"413",8,10,0.1,3,"db",0.853985106467574
"414",8,10,0.1,3,"ch",2538.56064415993
"415",9,10,0.1,3,"sil",0.343179474092263
"416",9,10,0.1,3,"db",0.794217669953424
"417",9,10,0.1,3,"ch",2477.76513727603
"418",10,10,0.1,3,"sil",0.375157424994916
"419",10,10,0.1,3,"db",0.867956627526074
"420",10,10,0.1,3,"ch",2469.90484784341
"421",1,10,0.25,3,"sil",0
"422",1,10,0.25,3,"db",0
"423",1,10,0.25,3,"ch",0
"424",2,10,0.25,3,"sil",0.313457359659405
"425",2,10,0.25,3,"db",1.35431511455813
"426",2,10,0.25,3,"ch",922.151399408693
"427",3,10,0.25,3,"sil",0.387435683566143
"428",3,10,0.25,3,"db",0.995319971904559
"429",3,10,0.25,3,"ch",1273.71273942906
"430",4,10,0.25,3,"sil",0.388178798387021
"431",4,10,0.25,3,"db",0.935096924682013
"432",4,10,0.25,3,"ch",1343.78037042034
"433",5,10,0.25,3,"sil",0.391777433812833
"434",5,10,0.25,3,"db",0.923198368273664
"435",5,10,0.25,3,"ch",1386.61879408817
"436",6,10,0.25,3,"sil",0.372957580096046
"437",6,10,0.25,3,"db",0.907543027456839
"438",6,10,0.25,3,"ch",1391.27763546482
"439",7,10,0.25,3,"sil",0.358799326480433
"440",7,10,0.25,3,"db",0.929780118977811
"441",7,10,0.25,3,"ch",1403.12520142926
"442",8,10,0.25,3,"sil",0.380465305088775
"443",8,10,0.25,3,"db",0.896298105035979
"444",8,10,0.25,3,"ch",1369.51501524218
"445",9,10,0.25,3,"sil",0.351050037703674
"446",9,10,0.25,3,"db",0.953641053191196
"447",9,10,0.25,3,"ch",1352.45554584923
"448",10,10,0.25,3,"sil",0.328219308474522
"449",10,10,0.25,3,"db",0.981025054864977
"450",10,10,0.25,3,"ch",1302.76564943011
"451",1,10,0.5,3,"sil",0
"452",1,10,0.5,3,"db",0
"453",1,10,0.5,3,"ch",0
"454",2,10,0.5,3,"sil",0.298265111587367
"455",2,10,0.5,3,"db",1.33007349736099
"456",2,10,0.5,3,"ch",932.016268390936
"457",3,10,0.5,3,"sil",0.332076502033711
"458",3,10,0.5,3,"db",1.11059659894815
"459",3,10,0.5,3,"ch",1035.07034534832
"460",4,10,0.5,3,"sil",0.342428780497796
"461",4,10,0.5,3,"db",1.00970751022226
"462",4,10,0.5,3,"ch",1084.38617956106
"463",5,10,0.5,3,"sil",0.341956748381576
"464",5,10,0.5,3,"db",1.01054388966834
"465",5,10,0.5,3,"ch",1099.06710361044
"466",6,10,0.5,3,"sil",0.319878212606915
"467",6,10,0.5,3,"db",0.97120555990744
"468",6,10,0.5,3,"ch",1103.43828150188
"469",7,10,0.5,3,"sil",0.33819519736826
"470",7,10,0.5,3,"db",0.999398118368538
"471",7,10,0.5,3,"ch",1100.9128990411
"472",8,10,0.5,3,"sil",0.335965604196628
"473",8,10,0.5,3,"db",0.962750881976641
"474",8,10,0.5,3,"ch",1072.91614185801
"475",9,10,0.5,3,"sil",0.323848287817305
"476",9,10,0.5,3,"db",1.0012776214246
"477",9,10,0.5,3,"ch",1052.52148611234
"478",10,10,0.5,3,"sil",0.312358771098687
"479",10,10,0.5,3,"db",1.02013431836871
"480",10,10,0.5,3,"ch",1020.70387030513
"481",1,10,0.8,3,"sil",0
"482",1,10,0.8,3,"db",0
"483",1,10,0.8,3,"ch",0
"484",2,10,0.8,3,"sil",0.276404908749903
"485",2,10,0.8,3,"db",1.50298257407421
"486",2,10,0.8,3,"ch",772.601318164341
"487",3,10,0.8,3,"sil",0.285506963360498
"488",3,10,0.8,3,"db",1.20853358403714
"489",3,10,0.8,3,"ch",869.13543592229
"490",4,10,0.8,3,"sil",0.31275616556261
"491",4,10,0.8,3,"db",1.03917624599921
"492",4,10,0.8,3,"ch",953.683984240705
"493",5,10,0.8,3,"sil",0.310008909991468
"494",5,10,0.8,3,"db",1.08165800273842
"495",5,10,0.8,3,"ch",925.348418370404
"496",6,10,0.8,3,"sil",0.310750909260479
"497",6,10,0.8,3,"db",1.03030695000811
"498",6,10,0.8,3,"ch",912.238825228864
"499",7,10,0.8,3,"sil",0.299326727247779
"500",7,10,0.8,3,"db",1.04021025719966
"501",7,10,0.8,3,"ch",900.225669387692
"502",8,10,0.8,3,"sil",0.295516289773066
"503",8,10,0.8,3,"db",1.0296324667974
"504",8,10,0.8,3,"ch",872.108360891353
"505",9,10,0.8,3,"sil",0.293855086137352
"506",9,10,0.8,3,"db",1.03966174412876
"507",9,10,0.8,3,"ch",855.815615414395
"508",10,10,0.8,3,"sil",0.280803248494945
"509",10,10,0.8,3,"db",1.02419111946729
"510",10,10,0.8,3,"ch",852.158592475034
"511",1,10,0.99,3,"sil",0
"512",1,10,0.99,3,"db",0
"513",1,10,0.99,3,"ch",0
"514",2,10,0.99,3,"sil",0.284449266247323
"515",2,10,0.99,3,"db",1.3070872523711
"516",2,10,0.99,3,"ch",951.135558131431
"517",3,10,0.99,3,"sil",0.329201413967795
"518",3,10,0.99,3,"db",1.11681627415961
"519",3,10,0.99,3,"ch",1119.70183709655
"520",4,10,0.99,3,"sil",0.319573170390215
"521",4,10,0.99,3,"db",1.04424840165651
"522",4,10,0.99,3,"ch",1022.11401931937
"523",5,10,0.99,3,"sil",0.277305849149495
"524",5,10,0.99,3,"db",1.09489018535874
"525",5,10,0.99,3,"ch",1033.41629250976
"526",6,10,0.99,3,"sil",0.292425193884978
"527",6,10,0.99,3,"db",1.08788548145452
"528",6,10,0.99,3,"ch",1001.20567157109
"529",7,10,0.99,3,"sil",0.298715809114108
"530",7,10,0.99,3,"db",1.08283473852641
"531",7,10,0.99,3,"ch",989.778486717829
"532",8,10,0.99,3,"sil",0.297217831851245
"533",8,10,0.99,3,"db",1.06511303102099
"534",8,10,0.99,3,"ch",951.895345690075
"535",9,10,0.99,3,"sil",0.294020130790492
"536",9,10,0.99,3,"db",1.04378841208743
"537",9,10,0.99,3,"ch",920.659682257092
"538",10,10,0.99,3,"sil",0.276659756228195
"539",10,10,0.99,3,"db",1.08225612898912
"540",10,10,0.99,3,"ch",896.747448370164
"541",1,20,0,3,"sil",0
"542",1,20,0,3,"db",0
"543",1,20,0,3,"ch",0
"544",2,20,0,3,"sil",0.410126312844195
"545",2,20,0,3,"db",1.09884769465001
"546",2,20,0,3,"ch",1382.66038297176
"547",3,20,0,3,"sil",0.565567807290548
"548",3,20,0,3,"db",0.60031095998979
"549",3,20,0,3,"ch",2854.71031959837
"550",4,20,0,3,"sil",0.510368656113525
"551",4,20,0,3,"db",0.728665356447638
"552",4,20,0,3,"ch",3458.06416475857
"553",5,20,0,3,"sil",0.462488260937313
"554",5,20,0,3,"db",0.786506619844433
"555",5,20,0,3,"ch",3455.21349868722
"556",6,20,0,3,"sil",0.473428546258304
"557",6,20,0,3,"db",0.877599526018341
"558",6,20,0,3,"ch",3322.44341067353
"559",7,20,0,3,"sil",0.417728692625361
"560",7,20,0,3,"db",0.773709279021851
"561",7,20,0,3,"ch",3392.32312741174
"562",8,20,0,3,"sil",0.440010813396822
"563",8,20,0,3,"db",0.799728305451181
"564",8,20,0,3,"ch",3457.85194919329
"565",9,20,0,3,"sil",0.398967526142125
"566",9,20,0,3,"db",0.897500679651646
"567",9,20,0,3,"ch",3370.84416644023
"568",10,20,0,3,"sil",0.370767359054189
"569",10,20,0,3,"db",0.937280016796961
"570",10,20,0,3,"ch",3212.16318919228
"571",1,20,0.1,3,"sil",0
"572",1,20,0.1,3,"db",0
"573",1,20,0.1,3,"ch",0
"574",2,20,0.1,3,"sil",0.446681635157196
"575",2,20,0.1,3,"db",0.929737422205878
"576",2,20,0.1,3,"ch",2014.68074453658
"577",3,20,0.1,3,"sil",0.515175996501989
"578",3,20,0.1,3,"db",0.688153648997369
"579",3,20,0.1,3,"ch",2480.57532540106
"580",4,20,0.1,3,"sil",0.502115278121472
"581",4,20,0.1,3,"db",0.712044512072947
"582",4,20,0.1,3,"ch",3247.33576529337
"583",5,20,0.1,3,"sil",0.478677873016257
"584",5,20,0.1,3,"db",0.824268235770441
"585",5,20,0.1,3,"ch",3299.95015555881
"586",6,20,0.1,3,"sil",0.426313318994156
"587",6,20,0.1,3,"db",0.865668706603934
"588",6,20,0.1,3,"ch",3149.16240342213
"589",7,20,0.1,3,"sil",0.399694489722277
"590",7,20,0.1,3,"db",0.890028783831017
"591",7,20,0.1,3,"ch",3104.02420856605
"592",8,20,0.1,3,"sil",0.427163887871882
"593",8,20,0.1,3,"db",0.915930239314761
"594",8,20,0.1,3,"ch",2994.05178213166
"595",9,20,0.1,3,"sil",0.372795617067264
"596",9,20,0.1,3,"db",0.99641667685639
"597",9,20,0.1,3,"ch",2900.27261991027
"598",10,20,0.1,3,"sil",0.371321669874375
"599",10,20,0.1,3,"db",1.01154777099542
"600",10,20,0.1,3,"ch",2824.39758013241
"601",1,20,0.25,3,"sil",0
"602",1,20,0.25,3,"db",0
"603",1,20,0.25,3,"ch",0
"604",2,20,0.25,3,"sil",0.405011084310731
"605",2,20,0.25,3,"db",0.958956356120992
"606",2,20,0.25,3,"ch",1750.96817781082
"607",3,20,0.25,3,"sil",0.472221340705226
"608",3,20,0.25,3,"db",0.75773618774372
"609",3,20,0.25,3,"ch",2136.14813430433
"610",4,20,0.25,3,"sil",0.433299964788775
"611",4,20,0.25,3,"db",0.858869959921854
"612",4,20,0.25,3,"ch",2288.27439556162
"613",5,20,0.25,3,"sil",0.418877522221134
"614",5,20,0.25,3,"db",0.913067564346664
"615",5,20,0.25,3,"ch",2335.24247396872
"616",6,20,0.25,3,"sil",0.370990067106432
"617",6,20,0.25,3,"db",0.922501065977202
"618",6,20,0.25,3,"ch",2218.90872045885
"619",7,20,0.25,3,"sil",0.37970097704892
"620",7,20,0.25,3,"db",1.00451117239237
"621",7,20,0.25,3,"ch",2123.13792561193
"622",8,20,0.25,3,"sil",0.368967660644062
"623",8,20,0.25,3,"db",0.962390190127951
"624",8,20,0.25,3,"ch",2033.0047547879
"625",9,20,0.25,3,"sil",0.318624908417852
"626",9,20,0.25,3,"db",0.996942886834958
"627",9,20,0.25,3,"ch",1990.15701551183
"628",10,20,0.25,3,"sil",0.333356330405837
"629",10,20,0.25,3,"db",1.0669742338924
"630",10,20,0.25,3,"ch",1940.93232427135
"631",1,20,0.5,3,"sil",0
"632",1,20,0.5,3,"db",0
"633",1,20,0.5,3,"ch",0
"634",2,20,0.5,3,"sil",0.373368203205447
"635",2,20,0.5,3,"db",1.06572325902229
"636",2,20,0.5,3,"ch",1423.86015609468
"637",3,20,0.5,3,"sil",0.285444798221925
"638",3,20,0.5,3,"db",0.831803652793331
"639",3,20,0.5,3,"ch",1705.51599048628
"640",4,20,0.5,3,"sil",0.394813908001143
"641",4,20,0.5,3,"db",0.928203744230873
"642",4,20,0.5,3,"ch",1707.13502879329
"643",5,20,0.5,3,"sil",0.371310582181628
"644",5,20,0.5,3,"db",0.989430222282823
"645",5,20,0.5,3,"ch",1681.92857324876
"646",6,20,0.5,3,"sil",0.344480749310018
"647",6,20,0.5,3,"db",1.03346824516458
"648",6,20,0.5,3,"ch",1578.47282311582
"649",7,20,0.5,3,"sil",0.336296627397452
"650",7,20,0.5,3,"db",1.07795702271019
"651",7,20,0.5,3,"ch",1498.04832383722
"652",8,20,0.5,3,"sil",0.311264526387343
"653",8,20,0.5,3,"db",1.07653900858646
"654",8,20,0.5,3,"ch",1424.72946814249
"655",9,20,0.5,3,"sil",0.291441029368612
"656",9,20,0.5,3,"db",1.12349379204136
"657",9,20,0.5,3,"ch",1366.94868457385
"658",10,20,0.5,3,"sil",0.288171464694254
"659",10,20,0.5,3,"db",1.16924873541612
"660",10,20,0.5,3,"ch",1329.0078906241
"661",1,20,0.8,3,"sil",0
"662",1,20,0.8,3,"db",0
"663",1,20,0.8,3,"ch",0
"664",2,20,0.8,3,"sil",0.332499875802119
"665",2,20,0.8,3,"db",1.1824170919971
"666",2,20,0.8,3,"ch",1174.8981015116
"667",3,20,0.8,3,"sil",0.371863248721718
"668",3,20,0.8,3,"db",0.929251727226195
"669",3,20,0.8,3,"ch",1409.87746365423
"670",4,20,0.8,3,"sil",0.350562339447527
"671",4,20,0.8,3,"db",1.01102606407829
"672",4,20,0.8,3,"ch",1364.80619871797
"673",5,20,0.8,3,"sil",0.337477447336336
"674",5,20,0.8,3,"db",1.06150434392886
"675",5,20,0.8,3,"ch",1314.65588833672
"676",6,20,0.8,3,"sil",0.332395084528226
"677",6,20,0.8,3,"db",1.05343263324669
"678",6,20,0.8,3,"ch",1271.69834135364
"679",7,20,0.8,3,"sil",0.308161493822721
"680",7,20,0.8,3,"db",1.08697129515381
"681",7,20,0.8,3,"ch",1202.99410294755
"682",8,20,0.8,3,"sil",0.313110725082934
"683",8,20,0.8,3,"db",1.08996556727676
"684",8,20,0.8,3,"ch",1167.80138080938
"685",9,20,0.8,3,"sil",0.293596329631597
"686",9,20,0.8,3,"db",1.02436181009945
"687",9,20,0.8,3,"ch",1142.17250144991
"688",10,20,0.8,3,"sil",0.289806174603319
"689",10,20,0.8,3,"db",1.05405546351518
"690",10,20,0.8,3,"ch",1108.83842132912
"691",1,20,0.99,3,"sil",0
"692",1,20,0.99,3,"db",0
"693",1,20,0.99,3,"ch",0
"694",2,20,0.99,3,"sil",0.321128545933597
"695",2,20,0.99,3,"db",1.24464898579501
"696",2,20,0.99,3,"ch",1092.39626421001
"697",3,20,0.99,3,"sil",0.346987418048297
"698",3,20,0.99,3,"db",1.03185437448068
"699",3,20,0.99,3,"ch",1265.54607733405
"700",4,20,0.99,3,"sil",0.324809434206754
"701",4,20,0.99,3,"db",1.09838801977268
"702",4,20,0.99,3,"ch",1180.85274647524
"703",5,20,0.99,3,"sil",0.326159053831921
"704",5,20,0.99,3,"db",1.05160648603697
"705",5,20,0.99,3,"ch",1164.9075429384
"706",6,20,0.99,3,"sil",0.322231555897058
"707",6,20,0.99,3,"db",1.04666832820213
"708",6,20,0.99,3,"ch",1132.25794273238
"709",7,20,0.99,3,"sil",0.303453178920905
"710",7,20,0.99,3,"db",1.10245596749442
"711",7,20,0.99,3,"ch",1072.45641924706
"712",8,20,0.99,3,"sil",0.289555887955504
"713",8,20,0.99,3,"db",1.11868427904026
"714",8,20,0.99,3,"ch",1029.87395156922
"715",9,20,0.99,3,"sil",0.287745847348108
"716",9,20,0.99,3,"db",1.06225210240957
"717",9,20,0.99,3,"ch",999.439381530291
"718",10,20,0.99,3,"sil",0.274080839846894
"719",10,20,0.99,3,"db",1.04098122188574
"720",10,20,0.99,3,"ch",979.673744607619
"721",1,50,0,3,"sil",0
"722",1,50,0,3,"db",0
"723",1,50,0,3,"ch",0
"724",2,50,0,3,"sil",0.445883866463047
"725",2,50,0,3,"db",0.905880531764521
"726",2,50,0,3,"ch",2015.41621645917
"727",3,50,0,3,"sil",0.551828246865671
"728",3,50,0,3,"db",0.639769404243866
"729",3,50,0,3,"ch",3053.11969768354
"730",4,50,0,3,"sil",0.531656851169462
"731",4,50,0,3,"db",0.664871330131678
"732",4,50,0,3,"ch",3815.94681676353
"733",5,50,0,3,"sil",0.491892576291719
"734",5,50,0,3,"db",0.791688841807118
"735",5,50,0,3,"ch",3833.20790237569
"736",6,50,0,3,"sil",0.488394222792166
"737",6,50,0,3,"db",0.791656797511502
"738",6,50,0,3,"ch",3623.93523722091
"739",7,50,0,3,"sil",0.399797354976543
"740",7,50,0,3,"db",0.829302854299585
"741",7,50,0,3,"ch",3588.83326991041
"742",8,50,0,3,"sil",0.449191074740238
"743",8,50,0,3,"db",0.791563432979404
"744",8,50,0,3,"ch",3494.54569473388
"745",9,50,0,3,"sil",0.399988936215143
"746",9,50,0,3,"db",0.880968470197952
"747",9,50,0,3,"ch",3385.30099254137
"748",10,50,0,3,"sil",0.375982976137496
"749",10,50,0,3,"db",0.927791033337789
"750",10,50,0,3,"ch",3273.98123323102
"751",1,50,0.1,3,"sil",0
"752",1,50,0.1,3,"db",0
"753",1,50,0.1,3,"ch",0
"754",2,50,0.1,3,"sil",0.476566105182231
"755",2,50,0.1,3,"db",0.77605132866926
"756",2,50,0.1,3,"ch",2699.4886759158
"757",3,50,0.1,3,"sil",0.449709345133806
"758",3,50,0.1,3,"db",0.847958457161898
"759",3,50,0.1,3,"ch",2730.78238475377
"760",4,50,0.1,3,"sil",0.495842708646066
"761",4,50,0.1,3,"db",0.761609307113616
"762",4,50,0.1,3,"ch",3062.16332170989
"763",5,50,0.1,3,"sil",0.472914395122361
"764",5,50,0.1,3,"db",0.797879934035374
"765",5,50,0.1,3,"ch",3266.25180168625
"766",6,50,0.1,3,"sil",0.464070208921029
"767",6,50,0.1,3,"db",0.869418723177177
"768",6,50,0.1,3,"ch",3027.33203540451
"769",7,50,0.1,3,"sil",0.399670055291462
"770",7,50,0.1,3,"db",0.937523380295988
"771",7,50,0.1,3,"ch",2892.6629132466
"772",8,50,0.1,3,"sil",0.428707023111798
"773",8,50,0.1,3,"db",0.883819788238215
"774",8,50,0.1,3,"ch",2862.35601832288
"775",9,50,0.1,3,"sil",0.382386037176036
"776",9,50,0.1,3,"db",0.909430670963388
"777",9,50,0.1,3,"ch",2825.8914688387
"778",10,50,0.1,3,"sil",0.373678803584292
"779",10,50,0.1,3,"db",0.967320437594175
"780",10,50,0.1,3,"ch",2786.96690492826
"781",1,50,0.25,3,"sil",0
"782",1,50,0.25,3,"db",0
"783",1,50,0.25,3,"ch",0
"784",2,50,0.25,3,"sil",0.399654083047151
"785",2,50,0.25,3,"db",1.01924306202427
"786",2,50,0.25,3,"ch",1679.87782473621
"787",3,50,0.25,3,"sil",0.452290481425238
"788",3,50,0.25,3,"db",0.796901765330653
"789",3,50,0.25,3,"ch",1910.82177855873
"790",4,50,0.25,3,"sil",0.41666695851963
"791",4,50,0.25,3,"db",0.866589357531184
"792",4,50,0.25,3,"ch",1954.43590666439
"793",5,50,0.25,3,"sil",0.3754471507721
"794",5,50,0.25,3,"db",1.02723993943323
"795",5,50,0.25,3,"ch",1823.9342391419
"796",6,50,0.25,3,"sil",0.364571736724222
"797",6,50,0.25,3,"db",1.01321669424744
"798",6,50,0.25,3,"ch",1706.99252545936
"799",7,50,0.25,3,"sil",0.344808676543702
"800",7,50,0.25,3,"db",0.996918554870981
"801",7,50,0.25,3,"ch",1625.36553310987
"802",8,50,0.25,3,"sil",0.349621194810906
"803",8,50,0.25,3,"db",0.979393802701347
"804",8,50,0.25,3,"ch",1613.3446013526
"805",9,50,0.25,3,"sil",0.335834845650921
"806",9,50,0.25,3,"db",1.02403782543809
"807",9,50,0.25,3,"ch",1608.92059373249
"808",10,50,0.25,3,"sil",0.324913504408673
"809",10,50,0.25,3,"db",1.03524628045467
"810",10,50,0.25,3,"ch",1569.24168743018
"811",1,50,0.5,3,"sil",0
"812",1,50,0.5,3,"db",0
"813",1,50,0.5,3,"ch",0
"814",2,50,0.5,3,"sil",0.419737271734541
"815",2,50,0.5,3,"db",0.909316194155887
"816",2,50,0.5,3,"ch",2052.04524035083
"817",3,50,0.5,3,"sil",0.34422120933852
"818",3,50,0.5,3,"db",1.01903301415393
"819",3,50,0.5,3,"ch",1757.85533703776
"820",4,50,0.5,3,"sil",0.396796123344201
"821",4,50,0.5,3,"db",0.92517710306521
"822",4,50,0.5,3,"ch",1899.38461845175
"823",5,50,0.5,3,"sil",0.389147917761234
"824",5,50,0.5,3,"db",0.955131774339665
"825",5,50,0.5,3,"ch",1924.64485760868
"826",6,50,0.5,3,"sil",0.361294564064653
"827",6,50,0.5,3,"db",0.98413391644208
"828",6,50,0.5,3,"ch",1783.59858100314
"829",7,50,0.5,3,"sil",0.334083058524378
"830",7,50,0.5,3,"db",1.10292895769886
"831",7,50,0.5,3,"ch",1676.66787510649
"832",8,50,0.5,3,"sil",0.334491119730259
"833",8,50,0.5,3,"db",1.09408810557143
"834",8,50,0.5,3,"ch",1612.62815688424
"835",9,50,0.5,3,"sil",0.327317745259367
"836",9,50,0.5,3,"db",1.06992155897326
"837",9,50,0.5,3,"ch",1558.73568718535
"838",10,50,0.5,3,"sil",0.297846534579937
"839",10,50,0.5,3,"db",1.02778959540103
"840",10,50,0.5,3,"ch",1492.59900983619
"841",1,50,0.8,3,"sil",0
"842",1,50,0.8,3,"db",0
"843",1,50,0.8,3,"ch",0
"844",2,50,0.8,3,"sil",0.378550217451901
"845",2,50,0.8,3,"db",1.00472890636627
"846",2,50,0.8,3,"ch",1649.92501398357
"847",3,50,0.8,3,"sil",0.356857867792148
"848",3,50,0.8,3,"db",1.08032778061233
"849",3,50,0.8,3,"ch",1574.69477706518
"850",4,50,0.8,3,"sil",0.362746823869697
"851",4,50,0.8,3,"db",1.01161299313326
"852",4,50,0.8,3,"ch",1544.25482527616
"853",5,50,0.8,3,"sil",0.36119622988816
"854",5,50,0.8,3,"db",0.998633954984594
"855",5,50,0.8,3,"ch",1511.50373446717
"856",6,50,0.8,3,"sil",0.347895321138854
"857",6,50,0.8,3,"db",1.05424561587489
"858",6,50,0.8,3,"ch",1438.92343486986
"859",7,50,0.8,3,"sil",0.318129259223999
"860",7,50,0.8,3,"db",1.10261148774742
"861",7,50,0.8,3,"ch",1395.30758184597
"862",8,50,0.8,3,"sil",0.319310913978056
"863",8,50,0.8,3,"db",1.065543034564
"864",8,50,0.8,3,"ch",1352.7494548788
"865",9,50,0.8,3,"sil",0.317467209685193
"866",9,50,0.8,3,"db",1.11343900987433
"867",9,50,0.8,3,"ch",1299.61577818173
"868",10,50,0.8,3,"sil",0.291626585163177
"869",10,50,0.8,3,"db",1.11512218716185
"870",10,50,0.8,3,"ch",1263.92930704566
"871",1,50,0.99,3,"sil",0
"872",1,50,0.99,3,"db",0
"873",1,50,0.99,3,"ch",0
"874",2,50,0.99,3,"sil",0.374177703073253
"875",2,50,0.99,3,"db",1.05838178237017
"876",2,50,0.99,3,"ch",1559.46298483166
"877",3,50,0.99,3,"sil",0.274524181877041
"878",3,50,0.99,3,"db",1.01847776531766
"879",3,50,0.99,3,"ch",1538.74309909844
"880",4,50,0.99,3,"sil",0.353508980695078
"881",4,50,0.99,3,"db",1.01145076381221
"882",4,50,0.99,3,"ch",1480.43540190903
"883",5,50,0.99,3,"sil",0.33712096653726
"884",5,50,0.99,3,"db",1.08546580928011
"885",5,50,0.99,3,"ch",1419.17361083008
"886",6,50,0.99,3,"sil",0.317837682441493
"887",6,50,0.99,3,"db",1.12430992283059
"888",6,50,0.99,3,"ch",1297.68569931247
"889",7,50,0.99,3,"sil",0.282013446645353
"890",7,50,0.99,3,"db",1.08352806611044
"891",7,50,0.99,3,"ch",1244.16403467761
"892",8,50,0.99,3,"sil",0.301471563862722
"893",8,50,0.99,3,"db",1.12220619915124
"894",8,50,0.99,3,"ch",1194.32795423853
"895",9,50,0.99,3,"sil",0.293133540254823
"896",9,50,0.99,3,"db",1.14480733821863
"897",9,50,0.99,3,"ch",1152.98502957417
"898",10,50,0.99,3,"sil",0.285125692805563
"899",10,50,0.99,3,"db",1.12503466925017
"900",10,50,0.99,3,"ch",1131.80008185289
"901",1,3,0,2,"sil",0
"902",1,3,0,2,"db",0
"903",1,3,0,2,"ch",0
"904",2,3,0,2,"sil",0.390552238278181
"905",2,3,0,2,"db",0.974040369242429
"906",2,3,0,2,"ch",1239.02870087293
"907",3,3,0,2,"sil",0.391963738330404
"908",3,3,0,2,"db",0.965149372792955
"909",3,3,0,2,"ch",1285.74010459466
"910",4,3,0,2,"sil",0.399764897239704
"911",4,3,0,2,"db",0.749405420235754
"912",4,3,0,2,"ch",1371.40579150193
"913",5,3,0,2,"sil",0.42159653267086
"914",5,3,0,2,"db",0.706051012993657
"915",5,3,0,2,"ch",1540.30919261414
"916",6,3,0,2,"sil",0.450262840292653
"917",6,3,0,2,"db",0.680857065139756
"918",6,3,0,2,"ch",1692.30404718328
"919",7,3,0,2,"sil",0.43731661130559
"920",7,3,0,2,"db",0.560920453521702
"921",7,3,0,2,"ch",2062.7145365087
"922",8,3,0,2,"sil",0.464099336072064
"923",8,3,0,2,"db",0.601754813142632
"924",8,3,0,2,"ch",2196.51117787638
"925",9,3,0,2,"sil",0.479419025863444
"926",9,3,0,2,"db",0.577679245710604
"927",9,3,0,2,"ch",2484.41757812031
"928",10,3,0,2,"sil",0.463073071904433
"929",10,3,0,2,"db",0.653739927296614
"930",10,3,0,2,"ch",2620.73019523747
"931",1,3,0.1,2,"sil",0
"932",1,3,0.1,2,"db",0
"933",1,3,0.1,2,"ch",0
"934",2,3,0.1,2,"sil",0.403175273327298
"935",2,3,0.1,2,"db",0.962554504965415
"936",2,3,0.1,2,"ch",1327.57227998313
"937",3,3,0.1,2,"sil",0.518591952003951
"938",3,3,0.1,2,"db",0.679020395201685
"939",3,3,0.1,2,"ch",2334.27171438372
"940",4,3,0.1,2,"sil",0.48129257216717
"941",4,3,0.1,2,"db",0.547384160079791
"942",4,3,0.1,2,"ch",2166.2011286505
"943",5,3,0.1,2,"sil",0.459279194528582
"944",5,3,0.1,2,"db",0.643547203107827
"945",5,3,0.1,2,"ch",2295.96109899139
"946",6,3,0.1,2,"sil",0.448968695833733
"947",6,3,0.1,2,"db",0.714684758031078
"948",6,3,0.1,2,"ch",2437.62814238919
"949",7,3,0.1,2,"sil",0.424777214510059
"950",7,3,0.1,2,"db",0.71947204949357
"951",7,3,0.1,2,"ch",2526.25243253486
"952",8,3,0.1,2,"sil",0.46875031644511
"953",8,3,0.1,2,"db",0.689868356438406
"954",8,3,0.1,2,"ch",2823.36405527933
"955",9,3,0.1,2,"sil",0.465931349942513
"956",9,3,0.1,2,"db",0.651499389338536
"957",9,3,0.1,2,"ch",3022.20611815389
"958",10,3,0.1,2,"sil",0.463798755561183
"959",10,3,0.1,2,"db",0.699703153124652
"960",10,3,0.1,2,"ch",3056.93272312096
"961",1,3,0.25,2,"sil",0
"962",1,3,0.25,2,"db",0
"963",1,3,0.25,2,"ch",0
"964",2,3,0.25,2,"sil",0.405128922342548
"965",2,3,0.25,2,"db",1.04306551952627
"966",2,3,0.25,2,"ch",1465.02138555941
"967",3,3,0.25,2,"sil",0.448121157195423
"968",3,3,0.25,2,"db",0.777910189485027
"969",3,3,0.25,2,"ch",1957.22687362318
"970",4,3,0.25,2,"sil",0.41508225063237
"971",4,3,0.25,2,"db",0.855088195055609
"972",4,3,0.25,2,"ch",1940.74563911413
"973",5,3,0.25,2,"sil",0.450848599615794
"974",5,3,0.25,2,"db",0.754453765405037
"975",5,3,0.25,2,"ch",2170.65674841482
"976",6,3,0.25,2,"sil",0.447789220866938
"977",6,3,0.25,2,"db",0.738127401431948
"978",6,3,0.25,2,"ch",2117.05954924431
"979",7,3,0.25,2,"sil",0.422926492626243
"980",7,3,0.25,2,"db",0.670290056844146
"981",7,3,0.25,2,"ch",2111.46098602014
"982",8,3,0.25,2,"sil",0.415054039750495
"983",8,3,0.25,2,"db",0.752909859912648
"984",8,3,0.25,2,"ch",2206.26868222461
"985",9,3,0.25,2,"sil",0.409739433787833
"986",9,3,0.25,2,"db",0.788611191068242
"987",9,3,0.25,2,"ch",2248.66032511891
"988",10,3,0.25,2,"sil",0.397326907468655
"989",10,3,0.25,2,"db",0.801477299752961
"990",10,3,0.25,2,"ch",2275.89512213109
"991",1,3,0.5,2,"sil",0
"992",1,3,0.5,2,"db",0
"993",1,3,0.5,2,"ch",0
"994",2,3,0.5,2,"sil",0.366468117710125
"995",2,3,0.5,2,"db",1.1370176188642
"996",2,3,0.5,2,"ch",1232.34956141914
"997",3,3,0.5,2,"sil",0.40968879090518
"998",3,3,0.5,2,"db",0.825958646746069
"999",3,3,0.5,2,"ch",1644.14658481547
"1000",4,3,0.5,2,"sil",0.397517427258413
"1001",4,3,0.5,2,"db",0.833683621073184
"1002",4,3,0.5,2,"ch",1778.94197570057
"1003",5,3,0.5,2,"sil",0.373081339508199
"1004",5,3,0.5,2,"db",0.890907951907235
"1005",5,3,0.5,2,"ch",1726.13441361621
"1006",6,3,0.5,2,"sil",0.398726890217268
"1007",6,3,0.5,2,"db",0.761528437790641
"1008",6,3,0.5,2,"ch",1806.68867491276
"1009",7,3,0.5,2,"sil",0.391114780769182
"1010",7,3,0.5,2,"db",0.77698221296005
"1011",7,3,0.5,2,"ch",1797.17896326517
"1012",8,3,0.5,2,"sil",0.371511233910385
"1013",8,3,0.5,2,"db",0.830665638829929
"1014",8,3,0.5,2,"ch",1752.2741279446
"1015",9,3,0.5,2,"sil",0.373926116929277
"1016",9,3,0.5,2,"db",0.877747987722521
"1017",9,3,0.5,2,"ch",1761.27631383565
"1018",10,3,0.5,2,"sil",0.36344160325855
"1019",10,3,0.5,2,"db",0.824463552433597
"1020",10,3,0.5,2,"ch",1787.52859213098
"1021",1,3,0.8,2,"sil",0
"1022",1,3,0.8,2,"db",0
"1023",1,3,0.8,2,"ch",0
"1024",2,3,0.8,2,"sil",0.3423701278354
"1025",2,3,0.8,2,"db",1.17284554200489
"1026",2,3,0.8,2,"ch",1113.32336397144
"1027",3,3,0.8,2,"sil",0.408471848082153
"1028",3,3,0.8,2,"db",0.800595832533372
"1029",3,3,0.8,2,"ch",1681.41152507966
"1030",4,3,0.8,2,"sil",0.379950888922365
"1031",4,3,0.8,2,"db",0.867620807162579
"1032",4,3,0.8,2,"ch",1667.80934967137
"1033",5,3,0.8,2,"sil",0.355772377449039
"1034",5,3,0.8,2,"db",0.93445771235739
"1035",5,3,0.8,2,"ch",1641.45538524534
"1036",6,3,0.8,2,"sil",0.349069790291781
"1037",6,3,0.8,2,"db",0.813495932180726
"1038",6,3,0.8,2,"ch",1697.00255937899
"1039",7,3,0.8,2,"sil",0.360330135185039
"1040",7,3,0.8,2,"db",0.808463951563151
"1041",7,3,0.8,2,"ch",1695.61242936683
"1042",8,3,0.8,2,"sil",0.35077308063912
"1043",8,3,0.8,2,"db",0.875052462927907
"1044",8,3,0.8,2,"ch",1670.82310858693
"1045",9,3,0.8,2,"sil",0.345722552616351
"1046",9,3,0.8,2,"db",0.86812562582815
"1047",9,3,0.8,2,"ch",1651.29526955253
"1048",10,3,0.8,2,"sil",0.345563049761637
"1049",10,3,0.8,2,"db",0.840005057115182
"1050",10,3,0.8,2,"ch",1650.80268803666
"1051",1,3,0.99,2,"sil",0
"1052",1,3,0.99,2,"db",0
"1053",1,3,0.99,2,"ch",0
"1054",2,3,0.99,2,"sil",0.392126898766139
"1055",2,3,0.99,2,"db",1.01633674210262
"1056",2,3,0.99,2,"ch",1529.95175560808
"1057",3,3,0.99,2,"sil",0.406894761355718
"1058",3,3,0.99,2,"db",0.839071271859618
"1059",3,3,0.99,2,"ch",1775.15119934994
"1060",4,3,0.99,2,"sil",0.384544633111891
"1061",4,3,0.99,2,"db",0.851539443841696
"1062",4,3,0.99,2,"ch",1760.56007970792
"1063",5,3,0.99,2,"sil",0.388513505787443
"1064",5,3,0.99,2,"db",0.822310639536049
"1065",5,3,0.99,2,"ch",1850.24450779275
"1066",6,3,0.99,2,"sil",0.369171724994399
"1067",6,3,0.99,2,"db",0.83463664449778
"1068",6,3,0.99,2,"ch",1797.39235012822
"1069",7,3,0.99,2,"sil",0.346134645701542
"1070",7,3,0.99,2,"db",0.835191543422277
"1071",7,3,0.99,2,"ch",1768.86278756047
"1072",8,3,0.99,2,"sil",0.361608542615711
"1073",8,3,0.99,2,"db",0.834508264398061
"1074",8,3,0.99,2,"ch",1777.1490583229
"1075",9,3,0.99,2,"sil",0.353245516207946
"1076",9,3,0.99,2,"db",0.900837918599027
"1077",9,3,0.99,2,"ch",1767.29461722907
"1078",10,3,0.99,2,"sil",0.350377635480663
"1079",10,3,0.99,2,"db",0.848137961412558
"1080",10,3,0.99,2,"ch",1767.85483364323
"1081",1,5,0,2,"sil",0
"1082",1,5,0,2,"db",0
"1083",1,5,0,2,"ch",0
"1084",2,5,0,2,"sil",0.410357488035329
"1085",2,5,0,2,"db",0.998659540590602
"1086",2,5,0,2,"ch",1722.08533348898
"1087",3,5,0,2,"sil",0.600834839043052
"1088",3,5,0,2,"db",0.49474144605362
"1089",3,5,0,2,"ch",3324.01881625656
"1090",4,5,0,2,"sil",0.547373862974208
"1091",4,5,0,2,"db",0.669405575990277
"1092",4,5,0,2,"ch",4187.23776255883
"1093",5,5,0,2,"sil",0.494343035969534
"1094",5,5,0,2,"db",0.659898764779366
"1095",5,5,0,2,"ch",4926.37074061183
"1096",6,5,0,2,"sil",0.558520068800205
"1097",6,5,0,2,"db",0.723904368345328
"1098",6,5,0,2,"ch",4689.9114413054
"1099",7,5,0,2,"sil",0.515021037900663
"1100",7,5,0,2,"db",0.750908210619753
"1101",7,5,0,2,"ch",4626.90939452333
"1102",8,5,0,2,"sil",0.528324515909521
"1103",8,5,0,2,"db",0.734326199589471
"1104",8,5,0,2,"ch",4641.84322446509
"1105",9,5,0,2,"sil",0.472449564408413
"1106",9,5,0,2,"db",0.699543107472767
"1107",9,5,0,2,"ch",4641.75445318894
"1108",10,5,0,2,"sil",0.457006278814284
"1109",10,5,0,2,"db",0.739893564704335
"1110",10,5,0,2,"ch",4658.07808878502
"1111",1,5,0.1,2,"sil",0
"1112",1,5,0.1,2,"db",0
"1113",1,5,0.1,2,"ch",0
"1114",2,5,0.1,2,"sil",0.383400145880952
"1115",2,5,0.1,2,"db",1.00934632879481
"1116",2,5,0.1,2,"ch",1681.65129710188
"1117",3,5,0.1,2,"sil",0.526615341420009
"1118",3,5,0.1,2,"db",0.631148792102455
"1119",3,5,0.1,2,"ch",2741.57399408938
"1120",4,5,0.1,2,"sil",0.517726253438371
"1121",4,5,0.1,2,"db",0.705727589523031
"1122",4,5,0.1,2,"ch",3389.14232635864
"1123",5,5,0.1,2,"sil",0.537812014532355
"1124",5,5,0.1,2,"db",0.700837859550099
"1125",5,5,0.1,2,"ch",3898.16505569016
"1126",6,5,0.1,2,"sil",0.52501775251609
"1127",6,5,0.1,2,"db",0.737145292726241
"1128",6,5,0.1,2,"ch",3734.20305598194
"1129",7,5,0.1,2,"sil",0.483216609500309
"1130",7,5,0.1,2,"db",0.780514729804623
"1131",7,5,0.1,2,"ch",3664.20570858991
"1132",8,5,0.1,2,"sil",0.476954579587637
"1133",8,5,0.1,2,"db",0.784298878816455
"1134",8,5,0.1,2,"ch",3647.58756575545
"1135",9,5,0.1,2,"sil",0.402517553162421
"1136",9,5,0.1,2,"db",0.711007275263235
"1137",9,5,0.1,2,"ch",3624.46398079768
"1138",10,5,0.1,2,"sil",0.420340329874501
"1139",10,5,0.1,2,"db",0.873356277680277
"1140",10,5,0.1,2,"ch",3581.30908667525
"1141",1,5,0.25,2,"sil",0
"1142",1,5,0.25,2,"db",0
"1143",1,5,0.25,2,"ch",0
"1144",2,5,0.25,2,"sil",0.362300455112446
"1145",2,5,0.25,2,"db",1.19140114987491
"1146",2,5,0.25,2,"ch",1147.9769963611
"1147",3,5,0.25,2,"sil",0.454992439640618
"1148",3,5,0.25,2,"db",0.746370071853815
"1149",3,5,0.25,2,"ch",2112.58821881981
"1150",4,5,0.25,2,"sil",0.412087645669811
"1151",4,5,0.25,2,"db",0.835819792634127
"1152",4,5,0.25,2,"ch",2043.72679352596
"1153",5,5,0.25,2,"sil",0.441286636210875
"1154",5,5,0.25,2,"db",0.779082639396705
"1155",5,5,0.25,2,"ch",2240.31739230974
"1156",6,5,0.25,2,"sil",0.440424172271459
"1157",6,5,0.25,2,"db",0.755442558059357
"1158",6,5,0.25,2,"ch",2170.28575542151
"1159",7,5,0.25,2,"sil",0.433913978084221
"1160",7,5,0.25,2,"db",0.792717435108224
"1161",7,5,0.25,2,"ch",2241.58502699666
"1162",8,5,0.25,2,"sil",0.421813892208769
"1163",8,5,0.25,2,"db",0.782193754321472
"1164",8,5,0.25,2,"ch",2295.74902968948
"1165",9,5,0.25,2,"sil",0.413876463421615
"1166",9,5,0.25,2,"db",0.771013454792588
"1167",9,5,0.25,2,"ch",2279.28413507035
"1168",10,5,0.25,2,"sil",0.404922592374935
"1169",10,5,0.25,2,"db",0.812758233943218
"1170",10,5,0.25,2,"ch",2241.09493113632
"1171",1,5,0.5,2,"sil",0
"1172",1,5,0.5,2,"db",0
"1173",1,5,0.5,2,"ch",0
"1174",2,5,0.5,2,"sil",0.38862871941955
"1175",2,5,0.5,2,"db",1.04688160451613
"1176",2,5,0.5,2,"ch",1473.09961980586
"1177",3,5,0.5,2,"sil",0.434358686490921
"1178",3,5,0.5,2,"db",0.786441291366397
"1179",3,5,0.5,2,"ch",1992.44429872637
"1180",4,5,0.5,2,"sil",0.414343470566336
"1181",4,5,0.5,2,"db",0.813344708487877
"1182",4,5,0.5,2,"ch",2008.47108137024
"1183",5,5,0.5,2,"sil",0.422077076257321
"1184",5,5,0.5,2,"db",0.796897307484483
"1185",5,5,0.5,2,"ch",2143.60125986566
"1186",6,5,0.5,2,"sil",0.404943155613688
"1187",6,5,0.5,2,"db",0.785986057257525
"1188",6,5,0.5,2,"ch",2121.01111954082
"1189",7,5,0.5,2,"sil",0.392916026007603
"1190",7,5,0.5,2,"db",0.84267395555264
"1191",7,5,0.5,2,"ch",2092.4638177503
"1192",8,5,0.5,2,"sil",0.396210458683413
"1193",8,5,0.5,2,"db",0.812404177501243
"1194",8,5,0.5,2,"ch",2118.49989381412
"1195",9,5,0.5,2,"sil",0.380955543350985
"1196",9,5,0.5,2,"db",0.85707643987512
"1197",9,5,0.5,2,"ch",2142.3568232995
"1198",10,5,0.5,2,"sil",0.373232364364757
"1199",10,5,0.5,2,"db",0.83484309377787
"1200",10,5,0.5,2,"ch",2109.76702506628
"1201",1,5,0.8,2,"sil",0
"1202",1,5,0.8,2,"db",0
"1203",1,5,0.8,2,"ch",0
"1204",2,5,0.8,2,"sil",0.423926586880424
"1205",2,5,0.8,2,"db",0.919352187285731
"1206",2,5,0.8,2,"ch",1946.92534915022
"1207",3,5,0.8,2,"sil",0.411474809133175
"1208",3,5,0.8,2,"db",0.868840676587922
"1209",3,5,0.8,2,"ch",1895.8313392815
"1210",4,5,0.8,2,"sil",0.383432362652521
"1211",4,5,0.8,2,"db",0.87316216543489
"1212",4,5,0.8,2,"ch",1908.24190409233
"1213",5,5,0.8,2,"sil",0.409428747464355
"1214",5,5,0.8,2,"db",0.77244257074004
"1215",5,5,0.8,2,"ch",2159.87801632428
"1216",6,5,0.8,2,"sil",0.388451312190097
"1217",6,5,0.8,2,"db",0.816082201940851
"1218",6,5,0.8,2,"ch",2100.15229618031
"1219",7,5,0.8,2,"sil",0.383166324069164
"1220",7,5,0.8,2,"db",0.817689614941691
"1221",7,5,0.8,2,"ch",2080.67427801364
"1222",8,5,0.8,2,"sil",0.378310786141503
"1223",8,5,0.8,2,"db",0.823626154337604
"1224",8,5,0.8,2,"ch",2087.0470718157
"1225",9,5,0.8,2,"sil",0.36472589029041
"1226",9,5,0.8,2,"db",0.880459571604483
"1227",9,5,0.8,2,"ch",2039.49408016627
"1228",10,5,0.8,2,"sil",0.360778155196796
"1229",10,5,0.8,2,"db",0.871530320636535
"1230",10,5,0.8,2,"ch",2028.74589911283
"1231",1,5,0.99,2,"sil",0
"1232",1,5,0.99,2,"db",0
"1233",1,5,0.99,2,"ch",0
"1234",2,5,0.99,2,"sil",0.384222797893912
"1235",2,5,0.99,2,"db",1.01824542383444
"1236",2,5,0.99,2,"ch",1495.09525215709
"1237",3,5,0.99,2,"sil",0.413141684549839
"1238",3,5,0.99,2,"db",0.846710488202442
"1239",3,5,0.99,2,"ch",1840.9689060941
"1240",4,5,0.99,2,"sil",0.39616051273434
"1241",4,5,0.99,2,"db",0.811256923448653
"1242",4,5,0.99,2,"ch",1859.72910180541
"1243",5,5,0.99,2,"sil",0.392794581652273
"1244",5,5,0.99,2,"db",0.848812951778779
"1245",5,5,0.99,2,"ch",1930.53624322199
"1246",6,5,0.99,2,"sil",0.396303668581915
"1247",6,5,0.99,2,"db",0.807509203395812
"1248",6,5,0.99,2,"ch",1947.09736800838
"1249",7,5,0.99,2,"sil",0.367555511919408
"1250",7,5,0.99,2,"db",0.847511874740908
"1251",7,5,0.99,2,"ch",1896.36523852448
"1252",8,5,0.99,2,"sil",0.342435857680717
"1253",8,5,0.99,2,"db",0.824953977802049
"1254",8,5,0.99,2,"ch",1905.77124968806
"1255",9,5,0.99,2,"sil",0.363220648245437
"1256",9,5,0.99,2,"db",0.88041859501912
"1257",9,5,0.99,2,"ch",1883.39400879051
"1258",10,5,0.99,2,"sil",0.341073025249253
"1259",10,5,0.99,2,"db",0.844304505817481
"1260",10,5,0.99,2,"ch",1873.11427290745
"1261",1,10,0,2,"sil",0
"1262",1,10,0,2,"db",0
"1263",1,10,0,2,"ch",0
"1264",2,10,0,2,"sil",0.537344496460744
"1265",2,10,0,2,"db",0.769857743946187
"1266",2,10,0,2,"ch",2894.0821955425
"1267",3,10,0,2,"sil",0.584614605974401
"1268",3,10,0,2,"db",0.511251126758789
"1269",3,10,0,2,"ch",3176.99369095342
"1270",4,10,0,2,"sil",0.527076572038312
"1271",4,10,0,2,"db",0.689663737610095
"1272",4,10,0,2,"ch",3958.20239867011
"1273",5,10,0,2,"sil",0.552824422384616
"1274",5,10,0,2,"db",0.655518195680671
"1275",5,10,0,2,"ch",4485.0021720456
"1276",6,10,0,2,"sil",0.527369743599807
"1277",6,10,0,2,"db",0.686581940224365
"1278",6,10,0,2,"ch",4490.90105463573
"1279",7,10,0,2,"sil",0.472434808073752
"1280",7,10,0,2,"db",0.743420836188975
"1281",7,10,0,2,"ch",4593.84911743271
"1282",8,10,0,2,"sil",0.507484905340715
"1283",8,10,0,2,"db",0.732339268022345
"1284",8,10,0,2,"ch",4599.46170609213
"1285",9,10,0,2,"sil",0.427880673047206
"1286",9,10,0,2,"db",0.715170466584246
"1287",9,10,0,2,"ch",4546.37212622889
"1288",10,10,0,2,"sil",0.455541344677121
"1289",10,10,0,2,"db",0.77742025130654
"1290",10,10,0,2,"ch",4627.48483502951
"1291",1,10,0.1,2,"sil",0
"1292",1,10,0.1,2,"db",0
"1293",1,10,0.1,2,"ch",0
"1294",2,10,0.1,2,"sil",0.516186716499085
"1295",2,10,0.1,2,"db",0.75517273070542
"1296",2,10,0.1,2,"ch",2987.05107478631
"1297",3,10,0.1,2,"sil",0.519385943028573
"1298",3,10,0.1,2,"db",0.662818378744123
"1299",3,10,0.1,2,"ch",2705.96438946758
"1300",4,10,0.1,2,"sil",0.508227889199624
"1301",4,10,0.1,2,"db",0.681960063833329
"1302",4,10,0.1,2,"ch",3578.20195031319
"1303",5,10,0.1,2,"sil",0.518573196111223
"1304",5,10,0.1,2,"db",0.703698445780994
"1305",5,10,0.1,2,"ch",4052.00374915669
"1306",6,10,0.1,2,"sil",0.489123864973545
"1307",6,10,0.1,2,"db",0.751122624472218
"1308",6,10,0.1,2,"ch",3876.99192916704
"1309",7,10,0.1,2,"sil",0.459087867838407
"1310",7,10,0.1,2,"db",0.785006776746597
"1311",7,10,0.1,2,"ch",3830.27030397893
"1312",8,10,0.1,2,"sil",0.472674944207307
"1313",8,10,0.1,2,"db",0.810503568277431
"1314",8,10,0.1,2,"ch",3785.97364655857
"1315",9,10,0.1,2,"sil",0.390323354212493
"1316",9,10,0.1,2,"db",0.791551229878833
"1317",9,10,0.1,2,"ch",3780.98907054073
"1318",10,10,0.1,2,"sil",0.40835320602368
"1319",10,10,0.1,2,"db",0.727748174193525
"1320",10,10,0.1,2,"ch",3776.60532166609
"1321",1,10,0.25,2,"sil",0
"1322",1,10,0.25,2,"db",0
"1323",1,10,0.25,2,"ch",0
"1324",2,10,0.25,2,"sil",0.499327449096169
"1325",2,10,0.25,2,"db",0.765007601111658
"1326",2,10,0.25,2,"ch",2933.1043221907
"1327",3,10,0.25,2,"sil",0.468571545685218
"1328",3,10,0.25,2,"db",0.897216007797111
"1329",3,10,0.25,2,"ch",2463.60288724733
"1330",4,10,0.25,2,"sil",0.451798874890678
"1331",4,10,0.25,2,"db",0.778431254422588
"1332",4,10,0.25,2,"ch",2905.57498798256
"1333",5,10,0.25,2,"sil",0.473162606865141
"1334",5,10,0.25,2,"db",0.75847985781758
"1335",5,10,0.25,2,"ch",3239.81278113795
"1336",6,10,0.25,2,"sil",0.434695410005992
"1337",6,10,0.25,2,"db",0.783103620500998
"1338",6,10,0.25,2,"ch",3117.40393248341
"1339",7,10,0.25,2,"sil",0.430892304483747
"1340",7,10,0.25,2,"db",0.786514734866749
"1341",7,10,0.25,2,"ch",3087.47309702031
"1342",8,10,0.25,2,"sil",0.417239117260404
"1343",8,10,0.25,2,"db",0.795987066693042
"1344",8,10,0.25,2,"ch",3076.99961142723
"1345",9,10,0.25,2,"sil",0.385856397268219
"1346",9,10,0.25,2,"db",0.863722916287446
"1347",9,10,0.25,2,"ch",3056.02402529742
"1348",10,10,0.25,2,"sil",0.390848757655596
"1349",10,10,0.25,2,"db",0.84334690084574
"1350",10,10,0.25,2,"ch",3106.17711277794
"1351",1,10,0.5,2,"sil",0
"1352",1,10,0.5,2,"db",0
"1353",1,10,0.5,2,"ch",0
"1354",2,10,0.5,2,"sil",0.463460732354534
"1355",2,10,0.5,2,"db",0.831228806618496
"1356",2,10,0.5,2,"ch",2448.8746379476
"1357",3,10,0.5,2,"sil",0.428681010837172
"1358",3,10,0.5,2,"db",0.87377338144199
"1359",3,10,0.5,2,"ch",2087.1696192667
"1360",4,10,0.5,2,"sil",0.409113751684437
"1361",4,10,0.5,2,"db",0.838733922158474
"1362",4,10,0.5,2,"ch",2291.762836818
"1363",5,10,0.5,2,"sil",0.434699578673933
"1364",5,10,0.5,2,"db",0.778621402641247
"1365",5,10,0.5,2,"ch",2576.8064763767
"1366",6,10,0.5,2,"sil",0.397760638673573
"1367",6,10,0.5,2,"db",0.804153121984976
"1368",6,10,0.5,2,"ch",2485.53443485562
"1369",7,10,0.5,2,"sil",0.395221520739061
"1370",7,10,0.5,2,"db",0.835474891834568
"1371",7,10,0.5,2,"ch",2455.88882416717
"1372",8,10,0.5,2,"sil",0.390136601049658
"1373",8,10,0.5,2,"db",0.833403182413557
"1374",8,10,0.5,2,"ch",2454.58768440939
"1375",9,10,0.5,2,"sil",0.392036938591504
"1376",9,10,0.5,2,"db",0.79386398341504
"1377",9,10,0.5,2,"ch",2461.21485127388
"1378",10,10,0.5,2,"sil",0.374447459662392
"1379",10,10,0.5,2,"db",0.855294294006955
"1380",10,10,0.5,2,"ch",2477.34599601823
"1381",1,10,0.8,2,"sil",0
"1382",1,10,0.8,2,"db",0
"1383",1,10,0.8,2,"ch",0
"1384",2,10,0.8,2,"sil",0.417877607120642
"1385",2,10,0.8,2,"db",0.94316950588041
"1386",2,10,0.8,2,"ch",1851.41723923391
"1387",3,10,0.8,2,"sil",0.419922724229126
"1388",3,10,0.8,2,"db",0.843273114539006
"1389",3,10,0.8,2,"ch",1920.63161920828
"1390",4,10,0.8,2,"sil",0.3853264833386
"1391",4,10,0.8,2,"db",0.859527854958735
"1392",4,10,0.8,2,"ch",1903.73396598534
"1393",5,10,0.8,2,"sil",0.403985351104212
"1394",5,10,0.8,2,"db",0.783230206655629
"1395",5,10,0.8,2,"ch",2107.70590869107
"1396",6,10,0.8,2,"sil",0.36786098152278
"1397",6,10,0.8,2,"db",0.844944264543318
"1398",6,10,0.8,2,"ch",2019.09460008914
"1399",7,10,0.8,2,"sil",0.389376826730988
"1400",7,10,0.8,2,"db",0.808982078687032
"1401",7,10,0.8,2,"ch",2029.06182346629
"1402",8,10,0.8,2,"sil",0.384464079154106
"1403",8,10,0.8,2,"db",0.817376090376724
"1404",8,10,0.8,2,"ch",2099.67173258921
"1405",9,10,0.8,2,"sil",0.384364656560871
"1406",9,10,0.8,2,"db",0.795613576868777
"1407",9,10,0.8,2,"ch",2061.47823720019
"1408",10,10,0.8,2,"sil",0.364280214148475
"1409",10,10,0.8,2,"db",0.852235138467451
"1410",10,10,0.8,2,"ch",2049.25240842932
"1411",1,10,0.99,2,"sil",0
"1412",1,10,0.99,2,"db",0
"1413",1,10,0.99,2,"ch",0
"1414",2,10,0.99,2,"sil",0.45331163972126
"1415",2,10,0.99,2,"db",0.837919490017611
"1416",2,10,0.99,2,"ch",2380.73258504916
"1417",3,10,0.99,2,"sil",0.398303637717722
"1418",3,10,0.99,2,"db",0.906291620422815
"1419",3,10,0.99,2,"ch",2055.49849455218
"1420",4,10,0.99,2,"sil",0.397983834166419
"1421",4,10,0.99,2,"db",0.847428988040352
"1422",4,10,0.99,2,"ch",2167.34018039699
"1423",5,10,0.99,2,"sil",0.410697776550695
"1424",5,10,0.99,2,"db",0.793317078352903
"1425",5,10,0.99,2,"ch",2359.14023306675
"1426",6,10,0.99,2,"sil",0.389276897829927
"1427",6,10,0.99,2,"db",0.835047982451742
"1428",6,10,0.99,2,"ch",2268.42020990724
"1429",7,10,0.99,2,"sil",0.365630198896708
"1430",7,10,0.99,2,"db",0.874897246597859
"1431",7,10,0.99,2,"ch",2208.42164071794
"1432",8,10,0.99,2,"sil",0.3597488529028
"1433",8,10,0.99,2,"db",0.854888079057977
"1434",8,10,0.99,2,"ch",2191.14411655796
"1435",9,10,0.99,2,"sil",0.359586564232855
"1436",9,10,0.99,2,"db",0.82094414465171
"1437",9,10,0.99,2,"ch",2188.59046714885
"1438",10,10,0.99,2,"sil",0.353858011018489
"1439",10,10,0.99,2,"db",0.878022403706236
"1440",10,10,0.99,2,"ch",2184.64451613586
"1441",1,20,0,2,"sil",0
"1442",1,20,0,2,"db",0
"1443",1,20,0,2,"ch",0
"1444",2,20,0,2,"sil",0.493433318912509
"1445",2,20,0,2,"db",0.8267323194465
"1446",2,20,0,2,"ch",2497.17569739315
"1447",3,20,0,2,"sil",0.563958088325245
"1448",3,20,0,2,"db",0.577531576694926
"1449",3,20,0,2,"ch",3170.10212916103
"1450",4,20,0,2,"sil",0.562712926170801
"1451",4,20,0,2,"db",0.637972827398359
"1452",4,20,0,2,"ch",4600.97741204891
"1453",5,20,0,2,"sil",0.557571914236802
"1454",5,20,0,2,"db",0.662378795498299
"1455",5,20,0,2,"ch",5193.32434557611
"1456",6,20,0,2,"sil",0.502847758311379
"1457",6,20,0,2,"db",0.753607921983539
"1458",6,20,0,2,"ch",4945.66974983346
"1459",7,20,0,2,"sil",0.48456699859832
"1460",7,20,0,2,"db",0.810281666769321
"1461",7,20,0,2,"ch",4835.02458871986
"1462",8,20,0,2,"sil",0.5282683577859
"1463",8,20,0,2,"db",0.813604142311545
"1464",8,20,0,2,"ch",4893.28991660489
"1465",9,20,0,2,"sil",0.406398240201871
"1466",9,20,0,2,"db",0.736851467036198
"1467",9,20,0,2,"ch",4999.15785477651
"1468",10,20,0,2,"sil",0.450832288977147
"1469",10,20,0,2,"db",0.811109350898437
"1470",10,20,0,2,"ch",5050.61590382675
"1471",1,20,0.1,2,"sil",0
"1472",1,20,0.1,2,"db",0
"1473",1,20,0.1,2,"ch",0
"1474",2,20,0.1,2,"sil",0.468609431764287
"1475",2,20,0.1,2,"db",0.83586476048745
"1476",2,20,0.1,2,"ch",2347.84598503758
"1477",3,20,0.1,2,"sil",0.524108276877228
"1478",3,20,0.1,2,"db",0.66065060756263
"1479",3,20,0.1,2,"ch",2868.37473176688
"1480",4,20,0.1,2,"sil",0.517543289114461
"1481",4,20,0.1,2,"db",0.697307618495133
"1482",4,20,0.1,2,"ch",3643.00709777582
"1483",5,20,0.1,2,"sil",0.517147321372778
"1484",5,20,0.1,2,"db",0.715117990391936
"1485",5,20,0.1,2,"ch",4021.90654353983
"1486",6,20,0.1,2,"sil",0.48889989684183
"1487",6,20,0.1,2,"db",0.782577931640195
"1488",6,20,0.1,2,"ch",3802.47753235587
"1489",7,20,0.1,2,"sil",0.458450225865987
"1490",7,20,0.1,2,"db",0.823382602154783
"1491",7,20,0.1,2,"ch",3752.56649063622
"1492",8,20,0.1,2,"sil",0.475057983264578
"1493",8,20,0.1,2,"db",0.785820610846759
"1494",8,20,0.1,2,"ch",3757.29842850217
"1495",9,20,0.1,2,"sil",0.400098466325034
"1496",9,20,0.1,2,"db",0.757211816537371
"1497",9,20,0.1,2,"ch",3832.05161250492
"1498",10,20,0.1,2,"sil",0.411289575061727
"1499",10,20,0.1,2,"db",0.828008158950802
"1500",10,20,0.1,2,"ch",3871.07014903065
"1501",1,20,0.25,2,"sil",0
"1502",1,20,0.25,2,"db",0
"1503",1,20,0.25,2,"ch",0
"1504",2,20,0.25,2,"sil",0.492765702973095
"1505",2,20,0.25,2,"db",0.767265226448951
"1506",2,20,0.25,2,"ch",2915.42098469286
"1507",3,20,0.25,2,"sil",0.444463539648826
"1508",3,20,0.25,2,"db",0.84832224771537
"1509",3,20,0.25,2,"ch",2590.80926242318
"1510",4,20,0.25,2,"sil",0.485535582423535
"1511",4,20,0.25,2,"db",0.724442684735233
"1512",4,20,0.25,2,"ch",3285.21270391547
"1513",5,20,0.25,2,"sil",0.485376938184525
"1514",5,20,0.25,2,"db",0.718005988934505
"1515",5,20,0.25,2,"ch",3575.37883170497
"1516",6,20,0.25,2,"sil",0.443473008801147
"1517",6,20,0.25,2,"db",0.768322561217992
"1518",6,20,0.25,2,"ch",3353.99971624018
"1519",7,20,0.25,2,"sil",0.406918704400329
"1520",7,20,0.25,2,"db",0.718902259745828
"1521",7,20,0.25,2,"ch",3253.70240456055
"1522",8,20,0.25,2,"sil",0.433288353573076
"1523",8,20,0.25,2,"db",0.802419145702665
"1524",8,20,0.25,2,"ch",3254.78253482458
"1525",9,20,0.25,2,"sil",0.416088144272387
"1526",9,20,0.25,2,"db",0.816972650179339
"1527",9,20,0.25,2,"ch",3236.1123454497
"1528",10,20,0.25,2,"sil",0.38955511865432
"1529",10,20,0.25,2,"db",0.871214844738856
"1530",10,20,0.25,2,"ch",3271.60700248588
"1531",1,20,0.5,2,"sil",0
"1532",1,20,0.5,2,"db",0
"1533",1,20,0.5,2,"ch",0
"1534",2,20,0.5,2,"sil",0.477081384295541
"1535",2,20,0.5,2,"db",0.79303086551723
"1536",2,20,0.5,2,"ch",2706.18199597138
"1537",3,20,0.5,2,"sil",0.405367550557281
"1538",3,20,0.5,2,"db",0.873480783216822
"1539",3,20,0.5,2,"ch",2268.51062767703
"1540",4,20,0.5,2,"sil",0.439916647022412
"1541",4,20,0.5,2,"db",0.782278660963428
"1542",4,20,0.5,2,"ch",2653.57281411657
"1543",5,20,0.5,2,"sil",0.450462514666962
"1544",5,20,0.5,2,"db",0.756455537651528
"1545",5,20,0.5,2,"ch",2913.72541982714
"1546",6,20,0.5,2,"sil",0.407889065546023
"1547",6,20,0.5,2,"db",0.802947826334123
"1548",6,20,0.5,2,"ch",2742.15640478605
"1549",7,20,0.5,2,"sil",0.389383071361616
"1550",7,20,0.5,2,"db",0.796890145188896
"1551",7,20,0.5,2,"ch",2650.88827225169
"1552",8,20,0.5,2,"sil",0.383015534755201
"1553",8,20,0.5,2,"db",0.870324730590495
"1554",8,20,0.5,2,"ch",2665.80264978311
"1555",9,20,0.5,2,"sil",0.387750569867941
"1556",9,20,0.5,2,"db",0.829615814237939
"1557",9,20,0.5,2,"ch",2657.97273167604
"1558",10,20,0.5,2,"sil",0.365148749526327
"1559",10,20,0.5,2,"db",0.878222107701685
"1560",10,20,0.5,2,"ch",2656.94623460683
"1561",1,20,0.8,2,"sil",0
"1562",1,20,0.8,2,"db",0
"1563",1,20,0.8,2,"ch",0
"1564",2,20,0.8,2,"sil",0.433708736000345
"1565",2,20,0.8,2,"db",0.892597864015554
"1566",2,20,0.8,2,"ch",1987.62385384965
"1567",3,20,0.8,2,"sil",0.432177550452837
"1568",3,20,0.8,2,"db",0.828540586817929
"1569",3,20,0.8,2,"ch",2232.13724757187
"1570",4,20,0.8,2,"sil",0.391279669538445
"1571",4,20,0.8,2,"db",0.898601552157844
"1572",4,20,0.8,2,"ch",2090.26064522309
"1573",5,20,0.8,2,"sil",0.407409079919944
"1574",5,20,0.8,2,"db",0.826345057489121
"1575",5,20,0.8,2,"ch",2234.16542964428
"1576",6,20,0.8,2,"sil",0.376836632649452
"1577",6,20,0.8,2,"db",0.86454647850421
"1578",6,20,0.8,2,"ch",2134.94374580455
"1579",7,20,0.8,2,"sil",0.358644708832592
"1580",7,20,0.8,2,"db",0.847150929793684
"1581",7,20,0.8,2,"ch",2103.17074887755
"1582",8,20,0.8,2,"sil",0.346015115468025
"1583",8,20,0.8,2,"db",0.854826037039645
"1584",8,20,0.8,2,"ch",2116.34909624279
"1585",9,20,0.8,2,"sil",0.365924976334324
"1586",9,20,0.8,2,"db",0.841056430240294
"1587",9,20,0.8,2,"ch",2128.13054460278
"1588",10,20,0.8,2,"sil",0.356726755780969
"1589",10,20,0.8,2,"db",0.895351405376254
"1590",10,20,0.8,2,"ch",2123.94881502911
"1591",1,20,0.99,2,"sil",0
"1592",1,20,0.99,2,"db",0
"1593",1,20,0.99,2,"ch",0
"1594",2,20,0.99,2,"sil",0.428336989435324
"1595",2,20,0.99,2,"db",0.903099560189864
"1596",2,20,0.99,2,"ch",1915.35785164675
"1597",3,20,0.99,2,"sil",0.426481639897651
"1598",3,20,0.99,2,"db",0.846575893965902
"1599",3,20,0.99,2,"ch",2068.17950687016
"1600",4,20,0.99,2,"sil",0.391752689283871
"1601",4,20,0.99,2,"db",0.859155667467208
"1602",4,20,0.99,2,"ch",2032.16855086795
"1603",5,20,0.99,2,"sil",0.398680166070667
"1604",5,20,0.99,2,"db",0.809945443535587
"1605",5,20,0.99,2,"ch",2109.34098815034
"1606",6,20,0.99,2,"sil",0.386010387759704
"1607",6,20,0.99,2,"db",0.845484484737036
"1608",6,20,0.99,2,"ch",2053.48125778769
"1609",7,20,0.99,2,"sil",0.356652046112357
"1610",7,20,0.99,2,"db",0.864855351877879
"1611",7,20,0.99,2,"ch",2016.35287880382
"1612",8,20,0.99,2,"sil",0.342428576003825
"1613",8,20,0.99,2,"db",0.813130311798191
"1614",8,20,0.99,2,"ch",2036.37580045516
"1615",9,20,0.99,2,"sil",0.368070599836714
"1616",9,20,0.99,2,"db",0.824822003941627
"1617",9,20,0.99,2,"ch",2042.55331639796
"1618",10,20,0.99,2,"sil",0.350136617779659
"1619",10,20,0.99,2,"db",0.859439217137878
"1620",10,20,0.99,2,"ch",2038.71386996092
"1621",1,50,0,2,"sil",0
"1622",1,50,0,2,"db",0
"1623",1,50,0,2,"ch",0
"1624",2,50,0,2,"sil",0.472666067686166
"1625",2,50,0,2,"db",0.805270791524952
"1626",2,50,0,2,"ch",2394.46502959811
"1627",3,50,0,2,"sil",0.540754091290327
"1628",3,50,0,2,"db",0.650297191512916
"1629",3,50,0,2,"ch",3047.55235104191
"1630",4,50,0,2,"sil",0.549547955011616
"1631",4,50,0,2,"db",0.643669670475223
"1632",4,50,0,2,"ch",4253.63018384696
"1633",5,50,0,2,"sil",0.533275057713545
"1634",5,50,0,2,"db",0.693399443476295
"1635",5,50,0,2,"ch",4709.93001202624
"1636",6,50,0,2,"sil",0.51084107365069
"1637",6,50,0,2,"db",0.776324493546698
"1638",6,50,0,2,"ch",4481.48301910056
"1639",7,50,0,2,"sil",0.462024967228867
"1640",7,50,0,2,"db",0.774606695263909
"1641",7,50,0,2,"ch",4365.50090380047
"1642",8,50,0,2,"sil",0.495172323544615
"1643",8,50,0,2,"db",0.828862359152177
"1644",8,50,0,2,"ch",4336.33880191294
"1645",9,50,0,2,"sil",0.421704019177067
"1646",9,50,0,2,"db",0.769418521287759
"1647",9,50,0,2,"ch",4398.5800027391
"1648",10,50,0,2,"sil",0.426921728920867
"1649",10,50,0,2,"db",0.827603928331546
"1650",10,50,0,2,"ch",4440.54132351479
"1651",1,50,0.1,2,"sil",0
"1652",1,50,0.1,2,"db",0
"1653",1,50,0.1,2,"ch",0
"1654",2,50,0.1,2,"sil",0.444590579724938
"1655",2,50,0.1,2,"db",0.858477461726838
"1656",2,50,0.1,2,"ch",1995.0041545312
"1657",3,50,0.1,2,"sil",0.517035269313689
"1658",3,50,0.1,2,"db",0.655975876749023
"1659",3,50,0.1,2,"ch",2921.47625404037
"1660",4,50,0.1,2,"sil",0.519111651856436
"1661",4,50,0.1,2,"db",0.671807315750389
"1662",4,50,0.1,2,"ch",3547.67098859088
"1663",5,50,0.1,2,"sil",0.489550086080542
"1664",5,50,0.1,2,"db",0.750197798817453
"1665",5,50,0.1,2,"ch",3729.5446904853
"1666",6,50,0.1,2,"sil",0.479191651398638
"1667",6,50,0.1,2,"db",0.775840800532351
"1668",6,50,0.1,2,"ch",3578.98348040455
"1669",7,50,0.1,2,"sil",0.412072572106249
"1670",7,50,0.1,2,"db",0.809785247879092
"1671",7,50,0.1,2,"ch",3455.51361261253
"1672",8,50,0.1,2,"sil",0.438415536284934
"1673",8,50,0.1,2,"db",0.776248680309017
"1674",8,50,0.1,2,"ch",3457.29624362641
"1675",9,50,0.1,2,"sil",0.408484537905966
"1676",9,50,0.1,2,"db",0.803235994498549
"1677",9,50,0.1,2,"ch",3438.69263907549
"1678",10,50,0.1,2,"sil",0.395609121587054
"1679",10,50,0.1,2,"db",0.826596816612529
"1680",10,50,0.1,2,"ch",3414.31683224961
"1681",1,50,0.25,2,"sil",0
"1682",1,50,0.25,2,"db",0
"1683",1,50,0.25,2,"ch",0
"1684",2,50,0.25,2,"sil",0.426345498542353
"1685",2,50,0.25,2,"db",0.901856842922283
"1686",2,50,0.25,2,"ch",1854.05511362207
"1687",3,50,0.25,2,"sil",0.490273462008816
"1688",3,50,0.25,2,"db",0.69333967059032
"1689",3,50,0.25,2,"ch",2662.95143998145
"1690",4,50,0.25,2,"sil",0.481107129970086
"1691",4,50,0.25,2,"db",0.72327179656698
"1692",4,50,0.25,2,"ch",2961.46822250734
"1693",5,50,0.25,2,"sil",0.454114842948824
"1694",5,50,0.25,2,"db",0.796853884000104
"1695",5,50,0.25,2,"ch",2997.15758277927
"1696",6,50,0.25,2,"sil",0.439156635627316
"1697",6,50,0.25,2,"db",0.80250394517331
"1698",6,50,0.25,2,"ch",2890.04622146595
"1699",7,50,0.25,2,"sil",0.397293733635972
"1700",7,50,0.25,2,"db",0.830349271650029
"1701",7,50,0.25,2,"ch",2822.84733171968
"1702",8,50,0.25,2,"sil",0.414740309238867
"1703",8,50,0.25,2,"db",0.824407633710041
"1704",8,50,0.25,2,"ch",2844.75555005305
"1705",9,50,0.25,2,"sil",0.394609208795034
"1706",9,50,0.25,2,"db",0.861141169143598
"1707",9,50,0.25,2,"ch",2810.34690964836
"1708",10,50,0.25,2,"sil",0.382603010419333
"1709",10,50,0.25,2,"db",0.899435561436139
"1710",10,50,0.25,2,"ch",2830.3737471713
"1711",1,50,0.5,2,"sil",0
"1712",1,50,0.5,2,"db",0
"1713",1,50,0.5,2,"ch",0
"1714",2,50,0.5,2,"sil",0.442118799421721
"1715",2,50,0.5,2,"db",0.875302262461532
"1716",2,50,0.5,2,"ch",2103.46355412854
"1717",3,50,0.5,2,"sil",0.458388096122655
"1718",3,50,0.5,2,"db",0.785094744579343
"1719",3,50,0.5,2,"ch",2314.260407248
"1720",4,50,0.5,2,"sil",0.422205169745062
"1721",4,50,0.5,2,"db",0.823337657460294
"1722",4,50,0.5,2,"ch",2420.54180178275
"1723",5,50,0.5,2,"sil",0.434793364955112
"1724",5,50,0.5,2,"db",0.793438653757142
"1725",5,50,0.5,2,"ch",2548.80609835804
"1726",6,50,0.5,2,"sil",0.415247115480818
"1727",6,50,0.5,2,"db",0.794113841912378
"1728",6,50,0.5,2,"ch",2447.34554377124
"1729",7,50,0.5,2,"sil",0.396546737171563
"1730",7,50,0.5,2,"db",0.827539526142975
"1731",7,50,0.5,2,"ch",2460.20638751515
"1732",8,50,0.5,2,"sil",0.396530889010299
"1733",8,50,0.5,2,"db",0.829734105541508
"1734",8,50,0.5,2,"ch",2480.68420474845
"1735",9,50,0.5,2,"sil",0.391979703320396
"1736",9,50,0.5,2,"db",0.803910848361669
"1737",9,50,0.5,2,"ch",2481.08500433178
"1738",10,50,0.5,2,"sil",0.369757991440325
"1739",10,50,0.5,2,"db",0.872535773933378
"1740",10,50,0.5,2,"ch",2482.35106874141
"1741",1,50,0.8,2,"sil",0
"1742",1,50,0.8,2,"db",0
"1743",1,50,0.8,2,"ch",0
"1744",2,50,0.8,2,"sil",0.436463580402424
"1745",2,50,0.8,2,"db",0.879905148280243
"1746",2,50,0.8,2,"ch",2049.33184105151
"1747",3,50,0.8,2,"sil",0.442464621710998
"1748",3,50,0.8,2,"db",0.811125254372609
"1749",3,50,0.8,2,"ch",2290.88098830136
"1750",4,50,0.8,2,"sil",0.399399190173646
"1751",4,50,0.8,2,"db",0.822535404219488
"1752",4,50,0.8,2,"ch",2276.99239025298
"1753",5,50,0.8,2,"sil",0.418300381858584
"1754",5,50,0.8,2,"db",0.803159847742338
"1755",5,50,0.8,2,"ch",2409.84226597429
"1756",6,50,0.8,2,"sil",0.391129942593971
"1757",6,50,0.8,2,"db",0.828423173667482
"1758",6,50,0.8,2,"ch",2280.84081923125
"1759",7,50,0.8,2,"sil",0.362547853887688
"1760",7,50,0.8,2,"db",0.846444282383572
"1761",7,50,0.8,2,"ch",2237.92526368098
"1762",8,50,0.8,2,"sil",0.370719397570571
"1763",8,50,0.8,2,"db",0.872908467865029
"1764",8,50,0.8,2,"ch",2257.72455869502
"1765",9,50,0.8,2,"sil",0.364903013872728
"1766",9,50,0.8,2,"db",0.893980014915583
"1767",9,50,0.8,2,"ch",2261.39217930056
"1768",10,50,0.8,2,"sil",0.357868019451568
"1769",10,50,0.8,2,"db",0.848589274492312
"1770",10,50,0.8,2,"ch",2267.36985471814
"1771",1,50,0.99,2,"sil",0
"1772",1,50,0.99,2,"db",0
"1773",1,50,0.99,2,"ch",0
"1774",2,50,0.99,2,"sil",0.441095268173097
"1775",2,50,0.99,2,"db",0.87185335601883
"1776",2,50,0.99,2,"ch",2118.22651922435
"1777",3,50,0.99,2,"sil",0.432792647361729
"1778",3,50,0.99,2,"db",0.846387900724392
"1779",3,50,0.99,2,"ch",2185.05561559065
"1780",4,50,0.99,2,"sil",0.39304939877835
"1781",4,50,0.99,2,"db",0.858688371588169
"1782",4,50,0.99,2,"ch",2147.07542721272
"1783",5,50,0.99,2,"sil",0.413906759751691
"1784",5,50,0.99,2,"db",0.787350139240561
"1785",5,50,0.99,2,"ch",2322.39076344073
"1786",6,50,0.99,2,"sil",0.374018314884512
"1787",6,50,0.99,2,"db",0.843718224174706
"1788",6,50,0.99,2,"ch",2197.22516177802
"1789",7,50,0.99,2,"sil",0.36288593097686
"1790",7,50,0.99,2,"db",0.846480443247526
"1791",7,50,0.99,2,"ch",2179.27901574281
"1792",8,50,0.99,2,"sil",0.37064087692537
"1793",8,50,0.99,2,"db",0.834104075930448
"1794",8,50,0.99,2,"ch",2215.26674822655
"1795",9,50,0.99,2,"sil",0.372144363519354
"1796",9,50,0.99,2,"db",0.829941240228751
"1797",9,50,0.99,2,"ch",2214.82410526735
"1798",10,50,0.99,2,"sil",0.358751433211264
"1799",10,50,0.99,2,"db",0.835349796598781
"1800",10,50,0.99,2,"ch",2239.12720866005
